2026-08-12 11:38:06,145 [INFO] Activator:176 - 


2026-08-12 11:38:06,154 [INFO] Activator:177 - !SESSION log4j initialized
2026-08-12 11:38:14,997 [INFO] LogOutputStream:77 - [STDOUT_REDIRECT] 
2026-08-12 11:38:21,304 [INFO] ApplicationProperties:184 - Using Application install path: C:\ST\STM32CubeIDE_1.18.1\STM32CubeIDE\plugins\com.st.stm32cube.common.mx_6.14.1.202504091515
2026-08-12 11:38:21,331 [INFO] DbMcusXml:78 - Set database path to: C:\ST\STM32CubeIDE_1.18.1\STM32CubeIDE\plugins\com.st.stm32cube.common.mx_6.14.1.202504091515\\db\/mcu/
2026-08-12 11:38:21,331 [INFO] ApiDb:274 - Set plugin database path to: C:\ST\STM32CubeIDE_1.18.1\STM32CubeIDE\plugins\com.st.stm32cube.common.mx_6.14.1.202504091515\\db\/plugins/boardmanager/
2026-08-12 11:38:21,332 [WARN] ApiDb:259 - Overriding images path with different value:  => C:\ST\STM32CubeIDE_1.18.1\STM32CubeIDE\plugins\com.st.stm32cube.common.mx_6.14.1.202504091515\\db\/plugins/mcufinder/images/
2026-08-12 11:38:21,358 [INFO] ApiDb:250 - Set database path to: C:\Users\sumit\.stmcufinder\plugins\mcufinder//mcu/
2026-08-12 11:38:21,360 [INFO] DbMcusAds:125 - Set database path to: C:\Users\sumit\.stmcufinder\plugins\mcufinder//mcu/
2026-08-12 11:38:21,364 [INFO] CrossReferenceDbSqlite:203 - Set database path to: C:\Users\sumit\.stmcufinder\plugins\mcufinder//mcu/cs/
2026-08-12 11:38:21,521 [INFO] RulesReader:64 - Compatibility file has been processed (302 Rules)
2026-08-12 11:38:21,668 [INFO] DbMcusXml:78 - Set database path to: C:\ST\STM32CubeIDE_1.18.1\STM32CubeIDE\plugins\com.st.stm32cube.common.mx_6.14.1.202504091515\\db\/mcu/
2026-08-12 11:38:21,668 [INFO] ApiDb:274 - Set plugin database path to: C:\ST\STM32CubeIDE_1.18.1\STM32CubeIDE\plugins\com.st.stm32cube.common.mx_6.14.1.202504091515\\db\/plugins/boardmanager/
2026-08-12 11:38:21,668 [INFO] ApiDb:261 - Set plugin images path to: C:\ST\STM32CubeIDE_1.18.1\STM32CubeIDE\plugins\com.st.stm32cube.common.mx_6.14.1.202504091515\\db\/plugins/mcufinder/images/
2026-08-12 11:38:21,668 [WARN] DbFile:41 - Overriding database path with different value: C:\Users\sumit\.stmcufinder\plugins\mcufinder/ => C:\Users\sumit\.stmcufinder\plugins\mcufinder
2026-08-12 11:38:21,668 [INFO] ApiDb:250 - Set database path to: C:\Users\sumit\.stmcufinder\plugins\mcufinder//mcu/
2026-08-12 11:38:21,669 [WARN] DbFile:41 - Overriding database path with different value: C:\Users\sumit\.stmcufinder\plugins\mcufinder/ => C:\Users\sumit\.stmcufinder\plugins\mcufinder
2026-08-12 11:38:21,669 [INFO] DbMcusAds:125 - Set database path to: C:\Users\sumit\.stmcufinder\plugins\mcufinder//mcu/
2026-08-12 11:38:21,669 [WARN] DbFile:41 - Overriding database path with different value: C:\Users\sumit\.stmcufinder\plugins\mcufinder/ => C:\Users\sumit\.stmcufinder\plugins\mcufinder
2026-08-12 11:38:21,669 [WARN] DbFile:41 - Overriding database path with different value: C:\Users\sumit\.stmcufinder\plugins\mcufinder/ => C:\Users\sumit\.stmcufinder\plugins\mcufinder
2026-08-12 11:38:21,669 [INFO] CrossReferenceDbSqlite:203 - Set database path to: C:\Users\sumit\.stmcufinder\plugins\mcufinder//mcu/cs/
2026-08-12 11:38:21,799 [INFO] MainPanel:272 - HeapMemory: 268435456
2026-08-12 11:38:22,059 [INFO] DbMcusXml:78 - Set database path to: C:\ST\STM32CubeIDE_1.18.1\STM32CubeIDE\plugins\com.st.stm32cube.common.mx_6.14.1.202504091515\\db\/mcu/
2026-08-12 11:38:22,059 [INFO] ApiDb:274 - Set plugin database path to: C:\ST\STM32CubeIDE_1.18.1\STM32CubeIDE\plugins\com.st.stm32cube.common.mx_6.14.1.202504091515\\db\/plugins/boardmanager/
2026-08-12 11:38:22,059 [INFO] ApiDb:261 - Set plugin images path to: C:\ST\STM32CubeIDE_1.18.1\STM32CubeIDE\plugins\com.st.stm32cube.common.mx_6.14.1.202504091515\\db\/plugins/mcufinder/images/
2026-08-12 11:38:22,060 [WARN] DbFile:41 - Overriding database path with different value: C:\Users\sumit\.stmcufinder\plugins\mcufinder/ => C:\Users\sumit\.stmcufinder\plugins\mcufinder
2026-08-12 11:38:22,060 [INFO] ApiDb:250 - Set database path to: C:\Users\sumit\.stmcufinder\plugins\mcufinder//mcu/
2026-08-12 11:38:22,060 [WARN] DbFile:41 - Overriding database path with different value: C:\Users\sumit\.stmcufinder\plugins\mcufinder/ => C:\Users\sumit\.stmcufinder\plugins\mcufinder
2026-08-12 11:38:22,061 [INFO] DbMcusAds:125 - Set database path to: C:\Users\sumit\.stmcufinder\plugins\mcufinder//mcu/
2026-08-12 11:38:22,061 [WARN] DbFile:41 - Overriding database path with different value: C:\Users\sumit\.stmcufinder\plugins\mcufinder/ => C:\Users\sumit\.stmcufinder\plugins\mcufinder
2026-08-12 11:38:22,061 [WARN] DbFile:41 - Overriding database path with different value: C:\Users\sumit\.stmcufinder\plugins\mcufinder/ => C:\Users\sumit\.stmcufinder\plugins\mcufinder
2026-08-12 11:38:22,061 [INFO] CrossReferenceDbSqlite:203 - Set database path to: C:\Users\sumit\.stmcufinder\plugins\mcufinder//mcu/cs/
2026-08-12 11:38:22,095 [INFO] ApplicationProperties:184 - Using Application install path: C:\ST\STM32CubeIDE_1.18.1\STM32CubeIDE\plugins\com.st.stm32cube.common.mx_6.14.1.202504091515
2026-08-12 11:38:22,097 [INFO] PluginManage:196 - Search for loadable plugins [exclusion list=, ]
2026-08-12 11:38:22,100 [INFO] PluginManage:310 - Check plugin analytics
2026-08-12 11:38:27,369 [INFO] AnalyticsPlugin:253 - Accepted Software Licenses: STM32CubeMX.6.18.1
2026-08-12 11:38:27,369 [INFO] AnalyticsPlugin:255 - Accepted CMSIS Pack Licenses: 
2026-08-12 11:38:27,369 [INFO] AnalyticsPlugin:257 - Accepted Firmware Licenses: FW.F4.1.28.0,FW.F4.1.28.3
2026-08-12 11:38:27,373 [INFO] PluginManage:359 - Loaded plugin analytics (category:tool,tabindex:-1)
2026-08-12 11:38:27,374 [INFO] PluginManage:310 - Check plugin cadmodel
2026-08-12 11:38:27,384 [INFO] CADModel:105 - Init CAD model plugin
2026-08-12 11:38:27,385 [INFO] PluginManage:359 - Loaded plugin cadmodel (category:power,tabindex:5)
2026-08-12 11:38:27,385 [INFO] PluginManage:310 - Check plugin clock
2026-08-12 11:38:27,401 [INFO] PluginManage:359 - Loaded plugin clock (category:base,tabindex:2)
2026-08-12 11:38:27,403 [INFO] PluginManage:310 - Check plugin ddr
2026-08-12 11:38:27,406 [INFO] PluginManage:359 - Loaded plugin ddr (category:tool,tabindex:6)
2026-08-12 11:38:27,406 [INFO] PluginManage:310 - Check plugin filemanager
2026-08-12 11:38:27,636 [INFO] PluginManage:359 - Loaded plugin filemanager (category:base,tabindex:10)
2026-08-12 11:38:27,636 [INFO] PluginManage:310 - Check plugin ipmanager
2026-08-12 11:38:27,646 [INFO] PluginManage:359 - Loaded plugin ipmanager (category:base,tabindex:5)
2026-08-12 11:38:27,646 [INFO] PluginManage:310 - Check plugin lpbam
2026-08-12 11:38:27,656 [INFO] PluginManage:359 - Loaded plugin lpbam (category:base,tabindex:0)
2026-08-12 11:38:27,656 [INFO] PluginManage:310 - Check plugin memorymap
2026-08-12 11:38:27,677 [INFO] PluginManage:359 - Loaded plugin memorymap (category:base,tabindex:4)
2026-08-12 11:38:27,677 [INFO] PluginManage:310 - Check plugin pinoutandconfiguration
2026-08-12 11:38:27,696 [INFO] PluginManage:359 - Loaded plugin pinoutandconfiguration (category:base,tabindex:1)
2026-08-12 11:38:27,697 [INFO] PluginManage:310 - Check plugin pinoutconfig
2026-08-12 11:38:27,823 [WARN] SupportedApi:132 - Cannot load RTOS API schema: s4s-elt-must-match.1: The content of 'definitions' must match (annotation?, (simpleType | complexType)?, (unique | key | keyref)*)). A problem was found starting at: attribute.
2026-08-12 11:38:28,051 [INFO] PluginManage:359 - Loaded plugin pinoutconfig (category:base,tabindex:0)
2026-08-12 11:38:28,052 [INFO] PluginManage:310 - Check plugin power
2026-08-12 11:38:28,069 [INFO] PluginManage:359 - Loaded plugin power (category:power,tabindex:4)
2026-08-12 11:38:28,070 [INFO] PluginManage:310 - Check plugin projectmanager
2026-08-12 11:38:28,091 [INFO] PluginManage:359 - Loaded plugin projectmanager (category:projectmanager,tabindex:4)
2026-08-12 11:38:28,091 [INFO] PluginManage:310 - Check plugin rif
2026-08-12 11:38:28,104 [INFO] PluginManage:359 - Loaded plugin rif (category:base,tabindex:3)
2026-08-12 11:38:28,105 [INFO] PluginManage:310 - Check plugin thirdparty
2026-08-12 11:38:28,371 [INFO] PluginManage:359 - Loaded plugin thirdparty (category:base,tabindex:-1)
2026-08-12 11:38:28,371 [WARN] IntegrityCheckThread:84 - waiting for thirdparty lock release [integrity check]
2026-08-12 11:38:28,371 [INFO] PluginManage:310 - Check plugin tools
2026-08-12 11:38:28,371 [INFO] IntegrityCheckThread:86 - entering critical section [integrity check]
2026-08-12 11:38:28,372 [INFO] ThirdPartyUpdaterWithRetryManager:70 - Updater plugin not ready yet. [1/15]
2026-08-12 11:38:28,383 [INFO] PluginManage:359 - Loaded plugin tools (category:base,tabindex:7)
2026-08-12 11:38:28,383 [INFO] PluginManage:310 - Check plugin tutovideos
2026-08-12 11:38:28,688 [INFO] PluginManage:359 - Loaded plugin tutovideos (category:base,tabindex:-1)
2026-08-12 11:38:28,688 [INFO] PluginManage:310 - Check plugin updater
2026-08-12 11:38:28,722 [INFO] PluginManage:359 - Loaded plugin updater (category:base,tabindex:12)
2026-08-12 11:38:28,723 [INFO] PluginManage:310 - Check plugin userauth
2026-08-12 11:38:28,730 [INFO] UserAuth:118 - Init User Auth plugin
2026-08-12 11:38:28,731 [INFO] PluginManage:359 - Loaded plugin userauth (category:base,tabindex:14)
2026-08-12 11:38:28,731 [INFO] PluginManage:283 - PluginManage : Loaded plugins [18]
2026-08-12 11:38:29,075 [INFO] PinOutPanel:1589 - setPackage(No Configuration,No Configuration)
2026-08-12 11:38:29,288 [INFO] CADModel:165 - CPN selected for project level
2026-08-12 11:38:29,288 [INFO] CADModel:114 - Register for checkConnection events
2026-08-12 11:38:29,317 [INFO] IPUIPlugin:80 - create IPUIPlugin
2026-08-12 11:38:29,317 [INFO] PluginManager:220 - loadIPPluginJar : add adc
2026-08-12 11:38:29,321 [INFO] IPUIPlugin:80 - create IPUIPlugin
2026-08-12 11:38:29,322 [INFO] PluginManager:220 - loadIPPluginJar : add aes
2026-08-12 11:38:29,327 [INFO] IPUIPlugin:80 - create IPUIPlugin
2026-08-12 11:38:29,327 [INFO] PluginManager:220 - loadIPPluginJar : add can
2026-08-12 11:38:29,330 [INFO] IPUIPlugin:80 - create IPUIPlugin
2026-08-12 11:38:29,330 [INFO] PluginManager:220 - loadIPPluginJar : add comp
2026-08-12 11:38:29,334 [INFO] IPUIPlugin:80 - create IPUIPlugin
2026-08-12 11:38:29,334 [INFO] PluginManager:220 - loadIPPluginJar : add cryp
2026-08-12 11:38:29,339 [INFO] IPUIPlugin:80 - create IPUIPlugin
2026-08-12 11:38:29,339 [INFO] PluginManager:220 - loadIPPluginJar : add ddr_ctrl_phy
2026-08-12 11:38:29,344 [INFO] IPUIPlugin:80 - create IPUIPlugin
2026-08-12 11:38:29,344 [INFO] PluginManager:220 - loadIPPluginJar : add dfsdm
2026-08-12 11:38:29,351 [INFO] IPUIPlugin:80 - create IPUIPlugin
2026-08-12 11:38:29,351 [INFO] PluginManager:220 - loadIPPluginJar : add dma
2026-08-12 11:38:29,356 [INFO] IPUIPlugin:80 - create IPUIPlugin
2026-08-12 11:38:29,356 [INFO] PluginManager:220 - loadIPPluginJar : add dma3
2026-08-12 11:38:29,360 [INFO] IPUIPlugin:80 - create IPUIPlugin
2026-08-12 11:38:29,361 [INFO] PluginManager:220 - loadIPPluginJar : add extmemmanager
2026-08-12 11:38:29,364 [INFO] IPUIPlugin:80 - create IPUIPlugin
2026-08-12 11:38:29,364 [INFO] PluginManager:220 - loadIPPluginJar : add fatfs
2026-08-12 11:38:29,370 [INFO] IPUIPlugin:80 - create IPUIPlugin
2026-08-12 11:38:29,370 [INFO] PluginManager:220 - loadIPPluginJar : add fmc
2026-08-12 11:38:29,380 [INFO] IPUIPlugin:80 - create IPUIPlugin
2026-08-12 11:38:29,381 [INFO] PluginManager:220 - loadIPPluginJar : add freertos
2026-08-12 11:38:29,383 [INFO] IPUIPlugin:80 - create IPUIPlugin
2026-08-12 11:38:29,383 [INFO] PluginManager:220 - loadIPPluginJar : add genericplugin
2026-08-12 11:38:29,388 [INFO] IPUIPlugin:80 - create IPUIPlugin
2026-08-12 11:38:29,389 [INFO] PluginManager:220 - loadIPPluginJar : add gfxmmu
2026-08-12 11:38:29,395 [INFO] IPUIPlugin:80 - create IPUIPlugin
2026-08-12 11:38:29,395 [INFO] PluginManager:220 - loadIPPluginJar : add gic
2026-08-12 11:38:29,402 [INFO] IPUIPlugin:80 - create IPUIPlugin
2026-08-12 11:38:29,402 [INFO] PluginManager:220 - loadIPPluginJar : add gpio
2026-08-12 11:38:29,407 [INFO] IPUIPlugin:80 - create IPUIPlugin
2026-08-12 11:38:29,407 [INFO] PluginManager:220 - loadIPPluginJar : add gtzc
2026-08-12 11:38:29,411 [INFO] IPUIPlugin:80 - create IPUIPlugin
2026-08-12 11:38:29,411 [INFO] PluginManager:220 - loadIPPluginJar : add hash
2026-08-12 11:38:29,416 [INFO] IPUIPlugin:80 - create IPUIPlugin
2026-08-12 11:38:29,416 [INFO] PluginManager:220 - loadIPPluginJar : add i2c
2026-08-12 11:38:29,421 [INFO] IPUIPlugin:80 - create IPUIPlugin
2026-08-12 11:38:29,421 [INFO] PluginManager:220 - loadIPPluginJar : add i2s
2026-08-12 11:38:29,427 [INFO] IPUIPlugin:80 - create IPUIPlugin
2026-08-12 11:38:29,427 [INFO] PluginManager:220 - loadIPPluginJar : add i3c
2026-08-12 11:38:29,434 [INFO] IPUIPlugin:80 - create IPUIPlugin
2026-08-12 11:38:29,435 [INFO] PluginManager:220 - loadIPPluginJar : add ipddr
2026-08-12 11:38:29,444 [INFO] IPUIPlugin:80 - create IPUIPlugin
2026-08-12 11:38:29,444 [INFO] PluginManager:220 - loadIPPluginJar : add linkedlist
2026-08-12 11:38:29,451 [INFO] IPUIPlugin:80 - create IPUIPlugin
2026-08-12 11:38:29,451 [INFO] PluginManager:220 - loadIPPluginJar : add lorawan
2026-08-12 11:38:29,456 [INFO] IPUIPlugin:80 - create IPUIPlugin
2026-08-12 11:38:29,456 [INFO] PluginManager:220 - loadIPPluginJar : add ltdc
2026-08-12 11:38:29,466 [INFO] IPUIPlugin:80 - create IPUIPlugin
2026-08-12 11:38:29,466 [INFO] PluginManager:220 - loadIPPluginJar : add mdma
2026-08-12 11:38:29,472 [INFO] IPUIPlugin:80 - create IPUIPlugin
2026-08-12 11:38:29,473 [INFO] PluginManager:220 - loadIPPluginJar : add nvic
2026-08-12 11:38:29,478 [INFO] IPUIPlugin:80 - create IPUIPlugin
2026-08-12 11:38:29,478 [INFO] PluginManager:220 - loadIPPluginJar : add opamp
2026-08-12 11:38:29,483 [INFO] IPUIPlugin:80 - create IPUIPlugin
2026-08-12 11:38:29,483 [INFO] PluginManager:220 - loadIPPluginJar : add openamp
2026-08-12 11:38:29,488 [INFO] IPUIPlugin:80 - create IPUIPlugin
2026-08-12 11:38:29,488 [INFO] PluginManager:220 - loadIPPluginJar : add pdm2pcm
2026-08-12 11:38:29,497 [INFO] IPUIPlugin:80 - create IPUIPlugin
2026-08-12 11:38:29,501 [INFO] PluginManager:220 - loadIPPluginJar : add plateformsettings
2026-08-12 11:38:29,504 [INFO] IPUIPlugin:80 - create IPUIPlugin
2026-08-12 11:38:29,505 [INFO] PluginManager:220 - loadIPPluginJar : add quadspi
2026-08-12 11:38:29,507 [INFO] IPUIPlugin:80 - create IPUIPlugin
2026-08-12 11:38:29,508 [INFO] PluginManager:220 - loadIPPluginJar : add radio
2026-08-12 11:38:29,515 [INFO] IPUIPlugin:80 - create IPUIPlugin
2026-08-12 11:38:29,515 [INFO] PluginManager:220 - loadIPPluginJar : add resmgrutility
2026-08-12 11:38:29,520 [INFO] IPUIPlugin:80 - create IPUIPlugin
2026-08-12 11:38:29,521 [INFO] PluginManager:220 - loadIPPluginJar : add sai
2026-08-12 11:38:29,525 [INFO] IPUIPlugin:80 - create IPUIPlugin
2026-08-12 11:38:29,525 [INFO] PluginManager:220 - loadIPPluginJar : add spi
2026-08-12 11:38:29,531 [INFO] IPUIPlugin:80 - create IPUIPlugin
2026-08-12 11:38:29,532 [INFO] PluginManager:220 - loadIPPluginJar : add stm32_wpan
2026-08-12 11:38:29,535 [INFO] IPUIPlugin:80 - create IPUIPlugin
2026-08-12 11:38:29,535 [INFO] PluginManager:220 - loadIPPluginJar : add tim
2026-08-12 11:38:29,540 [INFO] IPUIPlugin:80 - create IPUIPlugin
2026-08-12 11:38:29,540 [INFO] PluginManager:220 - loadIPPluginJar : add touchsensing
2026-08-12 11:38:29,544 [INFO] IPUIPlugin:80 - create IPUIPlugin
2026-08-12 11:38:29,544 [INFO] PluginManager:220 - loadIPPluginJar : add tracer_emb
2026-08-12 11:38:29,547 [INFO] IPUIPlugin:80 - create IPUIPlugin
2026-08-12 11:38:29,547 [INFO] PluginManager:220 - loadIPPluginJar : add ts
2026-08-12 11:38:29,550 [INFO] IPUIPlugin:80 - create IPUIPlugin
2026-08-12 11:38:29,550 [INFO] PluginManager:220 - loadIPPluginJar : add tsc
2026-08-12 11:38:29,553 [INFO] IPUIPlugin:80 - create IPUIPlugin
2026-08-12 11:38:29,554 [INFO] PluginManager:220 - loadIPPluginJar : add ucpd
2026-08-12 11:38:29,559 [INFO] IPUIPlugin:80 - create IPUIPlugin
2026-08-12 11:38:29,559 [INFO] PluginManager:220 - loadIPPluginJar : add usart
2026-08-12 11:38:29,564 [INFO] IPUIPlugin:80 - create IPUIPlugin
2026-08-12 11:38:29,564 [INFO] PluginManager:220 - loadIPPluginJar : add usbx
2026-08-12 11:38:29,744 [FATAL] Updater:351 - Updater called before beeing initialized
2026-08-12 11:38:29,857 [INFO] RulesReader:64 - Compatibility file has been processed (302 Rules)
2026-08-12 11:38:29,895 [INFO] RulesReader:64 - Compatibility file has been processed (302 Rules)
2026-08-12 11:38:29,911 [INFO] CADModel:165 - CPN selected for project level
2026-08-12 11:38:29,911 [INFO] CADModel:114 - Register for checkConnection events
2026-08-12 11:38:29,911 [FATAL] Updater:351 - Updater called before beeing initialized
2026-08-12 11:38:29,911 [ERROR] CADModel:125 - Updater not yet initialized, retry later 
2026-08-12 11:38:30,156 [FATAL] Updater:351 - Updater called before beeing initialized
2026-08-12 11:38:30,159 [INFO] CADModel:165 - CPN selected for project level
2026-08-12 11:38:30,159 [INFO] CADModel:114 - Register for checkConnection events
2026-08-12 11:38:30,159 [FATAL] Updater:351 - Updater called before beeing initialized
2026-08-12 11:38:30,160 [ERROR] CADModel:125 - Updater not yet initialized, retry later 
2026-08-12 11:38:30,165 [FATAL] Updater:351 - Updater called before beeing initialized
2026-08-12 11:38:30,351 [FATAL] Updater:351 - Updater called before beeing initialized
2026-08-12 11:38:30,357 [INFO] DbMcusAds:53 - JSON generation date=Wed Jul 15 15:14:54 IST 2026 (1784108694001)
2026-08-12 11:38:30,358 [FATAL] Updater:351 - Updater called before beeing initialized
2026-08-12 11:38:30,455 [WARN] DetailPanel:346 - Failed to get advertising image, set to default
2026-08-12 11:38:30,810 [FATAL] Updater:351 - Updater called before beeing initialized
2026-08-12 11:38:30,813 [FATAL] Updater:351 - Updater called before beeing initialized
2026-08-12 11:38:30,814 [FATAL] Updater:351 - Updater called before beeing initialized
2026-08-12 11:38:30,814 [WARN] DetailPanel:346 - Failed to get advertising image, set to default
2026-08-12 11:38:30,815 [FATAL] Updater:351 - Updater called before beeing initialized
2026-08-12 11:38:30,880 [ERROR] Updater:1198 - MainUpdater not yet initialized. External WinMGr cannot be set.
2026-08-12 11:38:30,884 [INFO] Updater:1134 - Updater Version found : 6.14.1
2026-08-12 11:38:30,913 [INFO] ApplicationProperties:184 - Using Application install path: C:\ST\STM32CubeIDE_1.18.1\STM32CubeIDE\plugins\com.st.stm32cube.common.mx_6.14.1.202504091515
2026-08-12 11:38:31,374 [INFO] ThirdPartyUpdaterWithRetryManager:70 - Updater plugin not ready yet. [2/15]
2026-08-12 11:38:32,516 [ERROR] LogOutputStream:75 - [STDERR_REDIRECT] Aug 12, 2026 11:38:32 AM java.util.prefs.WindowsPreferences <init>
2026-08-12 11:38:32,523 [ERROR] LogOutputStream:75 - [STDERR_REDIRECT] WARNING: Could not open/create prefs root node Software\JavaSoft\Prefs at root 0xffffffff80000002. Windows RegCreateKeyEx(...) returned error code 5.
2026-08-12 11:38:32,523 [ERROR] LogOutputStream:75 - [STDERR_REDIRECT] 
2026-08-12 11:38:33,006 [INFO] MainUpdater:2872 - connection check result : 10
2026-08-12 11:38:33,007 [INFO] MainUpdater:289 - Updater Check For Update Now.
2026-08-12 11:38:33,007 [INFO] MicroXplorer:498 - Change Database Version : DB.6.0.141
2026-08-12 11:38:33,020 [INFO] McuFinderGlobals:63 - Set McuFinder mode to 2 (CubeIDE integrated)
2026-08-12 11:38:33,021 [INFO] UserAuth:171 - activating auth plugin
2026-08-12 11:38:33,026 [INFO] UserAuth:484 - Internet connection configuration mode: 1
2026-08-12 11:38:33,070 [INFO] JxBrowserEngine:152 - Initiate JxBrowser Engine with user profile folder
2026-08-12 11:38:33,282 [INFO] CheckServerUpdateThread:120 - End of CheckServer Thread
2026-08-12 11:38:34,901 [WARN] PackLoader:240 - Cannot read IP mode file for STMicroelectronics.X-CUBE-AZRTOS-H7.3.5.0
2026-08-12 11:38:34,924 [WARN] PackLoader:240 - Cannot read IP mode file for STMicroelectronics.FP-ATR-ASTRA1.2.0.3
2026-08-12 11:38:34,930 [WARN] PackLoader:240 - Cannot read IP mode file for STMicroelectronics.FP-ATR-ASTRA1.2.0.2
2026-08-12 11:38:34,944 [ERROR] Engine:466 - C:\Users\sumit\.stm32cubemx\thirdparties\pdsc\STMicroelectronics.X-CUBE-SMBUS.2.1.1.pdsc: PDSC version is not supported
2026-08-12 11:38:34,951 [WARN] PackLoader:240 - Cannot read IP mode file for STMicroelectronics.X-CUBE-SMBUS.2.1.0
2026-08-12 11:38:34,978 [WARN] PackLoader:240 - Cannot read IP mode file for STMicroelectronics.X-CUBE-AZRTOS-F7.1.1.0
2026-08-12 11:38:34,987 [ERROR] Engine:466 - C:\Users\sumit\.stm32cubemx\thirdparties\pdsc\STMicroelectronics.X-CUBE-FREERTOS.1.6.0.pdsc: PDSC version is not supported
2026-08-12 11:38:34,991 [ERROR] Engine:466 - C:\Users\sumit\.stm32cubemx\thirdparties\pdsc\STMicroelectronics.FP-SNS-MOTENV1.5.1.0.pdsc: PDSC version is not supported
2026-08-12 11:38:35,038 [WARN] PackLoader:240 - Cannot read IP mode file for STMicroelectronics.X-CUBE-AZRTOS-H7RS.1.3.0
2026-08-12 11:38:35,050 [ERROR] Engine:466 - C:\Users\sumit\.stm32cubemx\thirdparties\pdsc\WES.I-CUBE-Cesium.1.4.0.pdsc: PDSC version is not supported
2026-08-12 11:38:35,063 [WARN] PackLoader:240 - Cannot read IP mode file for STMicroelectronics.X-CUBE-DISPLAY.3.0.0
2026-08-12 11:38:35,082 [WARN] PackLoader:240 - Cannot read IP mode file for STMicroelectronics.X-CUBE-GNSS1.7.1.1
2026-08-12 11:38:35,087 [ERROR] Engine:466 - C:\Users\sumit\.stm32cubemx\thirdparties\pdsc\STMicroelectronics.FP-SNS-MOTENVWB1.1.5.0.pdsc: PDSC version is not supported
2026-08-12 11:38:35,095 [WARN] PackLoader:240 - Cannot read IP mode file for wolfSSL.I-CUBE-wolfSSL.5.9.1
2026-08-12 11:38:35,107 [WARN] PackLoader:240 - Cannot read IP mode file for STMicroelectronics.X-CUBE-NFC10.1.0.0
2026-08-12 11:38:35,118 [WARN] PackLoader:240 - Cannot read IP mode file for STMicroelectronics.X-CUBE-ST60.1.1.0
2026-08-12 11:38:35,128 [WARN] PackLoader:240 - Cannot read IP mode file for emotas.I-CUBE-CANOPEN.1.3.0
2026-08-12 11:38:35,132 [ERROR] Engine:466 - C:\Users\sumit\.stm32cubemx\thirdparties\pdsc\STMicroelectronics.X-CUBE-WBA.1.1.0.pdsc: PDSC version is not supported
2026-08-12 11:38:35,137 [ERROR] Engine:466 - C:\Users\sumit\.stm32cubemx\thirdparties\pdsc\STMicroelectronics.FP-SNS-STBOX1.2.1.0.pdsc: PDSC version is not supported
2026-08-12 11:38:35,144 [WARN] PackLoader:240 - Cannot read IP mode file for STMicroelectronics.FP-SNS-SMARTAG2.1.2.0
2026-08-12 11:38:35,149 [WARN] PackLoader:240 - Cannot read IP mode file for STMicroelectronics.FP-SNS-FLIGHT1.5.1.0
2026-08-12 11:38:35,161 [INFO] LogOutputStream:77 - [STDOUT_REDIRECT] 1 : Invalid condition id : UX_CORESTACK_Condition cause : null
2026-08-12 11:38:35,162 [INFO] LogOutputStream:77 - [STDOUT_REDIRECT] 1 : Invalid condition id : UX_CORESTACK_Condition cause : null
2026-08-12 11:38:35,164 [INFO] LogOutputStream:77 - [STDOUT_REDIRECT] 1 : Invalid condition id : UX_CORESTACK_Condition cause : null
2026-08-12 11:38:35,167 [INFO] LogOutputStream:77 - [STDOUT_REDIRECT] 1 : Invalid condition id : UX_CORESTACK_Condition cause : null
2026-08-12 11:38:35,170 [INFO] LogOutputStream:77 - [STDOUT_REDIRECT] 1 : Invalid condition id : UX_CORESTACK_Condition cause : null
2026-08-12 11:38:35,176 [WARN] PackLoader:240 - Cannot read IP mode file for STMicroelectronics.X-CUBE-AZRTOS-WL.2.0.0
2026-08-12 11:38:35,206 [WARN] PackLoader:240 - Cannot read IP mode file for STMicroelectronics.X-CUBE-AZRTOS-H7RS.1.2.0
2026-08-12 11:38:35,221 [WARN] PackLoader:240 - Cannot read IP mode file for STMicroelectronics.X-CUBE-BLE2.3.3.0
2026-08-12 11:38:35,275 [WARN] PackLoader:240 - Cannot read IP mode file for Infineon.AIROC-Wi-Fi-Bluetooth-STM32.1.8.0
2026-08-12 11:38:35,292 [WARN] PackLoader:240 - Cannot read IP mode file for STMicroelectronics.X-CUBE-NFC9.1.0.0
2026-08-12 11:38:35,304 [WARN] PackLoader:240 - Cannot read IP mode file for STMicroelectronics.X-CUBE-BLE1.7.1.0
2026-08-12 11:38:35,310 [WARN] PackLoader:240 - Cannot read IP mode file for wolfSSL.I-CUBE-wolfMQTT.1.19.2
2026-08-12 11:38:35,316 [WARN] PackLoader:240 - Cannot read IP mode file for STMicroelectronics.X-CUBE-EEPRMA1.5.2.0
2026-08-12 11:38:35,322 [ERROR] Engine:466 - C:\Users\sumit\.stm32cubemx\thirdparties\pdsc\STMicroelectronics.FP-SNS-STAIOTCFT.1.1.0.pdsc: PDSC version is not supported
2026-08-12 11:38:35,340 [WARN] PackLoader:240 - Cannot read IP mode file for STMicroelectronics.X-CUBE-AZRTOS-G0.1.1.0
2026-08-12 11:38:35,352 [WARN] PackLoader:240 - Cannot read IP mode file for STMicroelectronics.X-CUBE-NFC4.3.0.0
2026-08-12 11:38:35,368 [WARN] PackLoader:240 - Cannot read IP mode file for EmbeddedOffice.I-CUBE-FS-RTOS.1.0.1
2026-08-12 11:38:35,374 [WARN] PackLoader:240 - Cannot read IP mode file for wolfSSL.I-CUBE-wolfTPM.3.8.0
2026-08-12 11:38:35,382 [WARN] PackLoader:240 - Cannot read IP mode file for STMicroelectronics.X-CUBE-TCPP.4.2.0
2026-08-12 11:38:35,403 [WARN] PackLoader:240 - Cannot read IP mode file for RealThread.X-CUBE-RT-Thread_Nano.4.1.1
2026-08-12 11:38:35,412 [WARN] PackLoader:240 - Cannot read IP mode file for STMicroelectronics.FP-ATR-SIGFOX1.3.2.0
2026-08-12 11:38:35,417 [ERROR] Engine:466 - C:\Users\sumit\.stm32cubemx\thirdparties\pdsc\STMicroelectronics.X-CUBE-FREERTOS.1.5.0.pdsc: PDSC version is not supported
2026-08-12 11:38:35,429 [WARN] PackLoader:240 - Cannot read IP mode file for ITTIA_DB.I-CUBE-ITTIADB.8.9.0
2026-08-12 11:38:35,435 [WARN] PackLoader:240 - Cannot read IP mode file for Cesanta.I-CUBE-Mongoose.7.21.7
2026-08-12 11:38:35,449 [WARN] PackLoader:240 - Cannot read IP mode file for STMicroelectronics.X-CUBE-NFC6.3.2.0
2026-08-12 11:38:35,461 [WARN] PackLoader:240 - Cannot read IP mode file for STMicroelectronics.X-CUBE-AI.10.2.1
2026-08-12 11:38:35,468 [WARN] PackLoader:240 - Cannot read IP mode file for STMicroelectronics.X-CUBE-AI.10.2.0
2026-08-12 11:38:35,600 [WARN] PackLoader:240 - Cannot read IP mode file for STMicroelectronics.X-CUBE-MEMS1.12.1.0
2026-08-12 11:38:35,789 [WARN] PackLoader:240 - Cannot read IP mode file for SEGGER.I-CUBE-embOS.1.3.1
2026-08-12 11:38:35,859 [WARN] PackLoader:240 - Cannot read IP mode file for STMicroelectronics.X-CUBE-NFC13.1.0.0
2026-08-12 11:38:35,866 [WARN] PackLoader:240 - Cannot read IP mode file for STMicroelectronics.X-CUBE-PM33A1.1.0.0
2026-08-12 11:38:35,884 [WARN] PackLoader:240 - Cannot read IP mode file for STMicroelectronics.X-CUBE-AZRTOS-F4.1.1.0
2026-08-12 11:38:35,891 [WARN] PackLoader:240 - Cannot read IP mode file for STMicroelectronics.X-CUBE-ISPU.2.1.0
2026-08-12 11:38:35,902 [ERROR] Engine:466 - C:\Users\sumit\.stm32cubemx\thirdparties\pdsc\STMicroelectronics.X-CUBE-IPS.3.2.0.pdsc: PDSC version is not supported
2026-08-12 11:38:35,907 [WARN] PackLoader:240 - Cannot read IP mode file for STMicroelectronics.eDS-WB_DPC_TT-BIDIR.2.1.1
2026-08-12 11:38:35,918 [WARN] PackLoader:240 - Cannot read IP mode file for STMicroelectronics.X-CUBE-NFC12.1.0.0
2026-08-12 11:38:35,941 [WARN] PackLoader:240 - Cannot read IP mode file for STMicroelectronics.X-CUBE-AZRTOS-L5.2.0.0
2026-08-12 11:38:35,955 [WARN] PackLoader:240 - Cannot read IP mode file for STMicroelectronics.X-CUBE-ALGOBUILD.1.5.0
2026-08-12 11:38:35,962 [WARN] PackLoader:240 - Cannot read IP mode file for STMicroelectronics.eDS-WB_DPC_VIENNA.1.2.0
2026-08-12 11:38:36,005 [WARN] PackLoader:240 - Cannot read IP mode file for STMicroelectronics.X-CUBE-MEMS1.13.0.0
2026-08-12 11:38:36,118 [WARN] PackLoader:240 - Cannot read IP mode file for STMicroelectronics.eDS-WB_DPC_3PH2L-BIDIR.1.1.1
2026-08-12 11:38:36,123 [ERROR] Engine:466 - C:\Users\sumit\.stm32cubemx\thirdparties\pdsc\STMicroelectronics.X-CUBE-ST67W61.1.3.0.pdsc: PDSC version is not supported
2026-08-12 11:38:36,129 [WARN] PackLoader:240 - Cannot read IP mode file for STMicroelectronics.X-CUBE-TOUCHGFX.4.26.1
2026-08-12 11:38:36,138 [WARN] PackLoader:240 - Cannot read IP mode file for STMicroelectronics.X-CUBE-DPower.1.3.0
2026-08-12 11:38:36,157 [WARN] ConditionMgr:438 - getConditionDescription Invalid condition id : LAN8742 Phy interface Condition cause : null
2026-08-12 11:38:36,158 [WARN] PackLoader:240 - Cannot read IP mode file for STMicroelectronics.X-CUBE-AZRTOS-L4.2.0.0
2026-08-12 11:38:36,159 [WARN] ConditionMgr:1044 - genDependencies : Invalid condition id : LAN8742 Phy interface Condition cause : null
2026-08-12 11:38:36,160 [WARN] ConditionMgr:1044 - genDependencies : Invalid condition id : LAN8742 Phy interface Condition cause : null
2026-08-12 11:38:36,160 [WARN] ConditionMgr:1044 - genDependencies : Invalid condition id : LAN8742 Phy interface Condition cause : null
2026-08-12 11:38:36,171 [WARN] PackLoader:240 - Cannot read IP mode file for STMicroelectronics.X-CUBE-SFXS2LP1.4.0.0
2026-08-12 11:38:36,179 [WARN] PackLoader:240 - Cannot read IP mode file for STMicroelectronics.X-CUBE-WB05N.2.1.0
2026-08-12 11:38:36,194 [WARN] PackLoader:240 - Cannot read IP mode file for STMicroelectronics.X-CUBE-BLEMGR.4.1.0
2026-08-12 11:38:36,214 [WARN] ConditionMgr:438 - getConditionDescription Invalid condition id : UX DEVICE CLASS RTOS Condition cause : null
2026-08-12 11:38:36,215 [WARN] ConditionMgr:438 - getConditionDescription Invalid condition id : UX DEVICE CLASS RTOS Condition cause : null
2026-08-12 11:38:36,218 [WARN] PackLoader:240 - Cannot read IP mode file for STMicroelectronics.X-CUBE-AZRTOS-WB.2.0.0
2026-08-12 11:38:36,219 [WARN] ConditionMgr:1044 - genDependencies : Invalid condition id : UX DEVICE CLASS RTOS Condition cause : null
2026-08-12 11:38:36,219 [WARN] ConditionMgr:1044 - genDependencies : Invalid condition id : UX DEVICE CLASS RTOS Condition cause : null
2026-08-12 11:38:36,220 [WARN] ConditionMgr:1044 - genDependencies : Invalid condition id : UX DEVICE CLASS RTOS Condition cause : null
2026-08-12 11:38:36,220 [WARN] ConditionMgr:1044 - genDependencies : Invalid condition id : UX DEVICE CLASS RTOS Condition cause : null
2026-08-12 11:38:36,220 [WARN] ConditionMgr:1044 - genDependencies : Invalid condition id : UX DEVICE CLASS RTOS Condition cause : null
2026-08-12 11:38:36,228 [WARN] ConditionMgr:438 - getConditionDescription Invalid condition id : Cortex-A Device cause : null
2026-08-12 11:38:36,238 [WARN] ConditionMgr:1044 - genDependencies : Invalid condition id : Cortex-A Device cause : null
2026-08-12 11:38:36,238 [WARN] ConditionMgr:1044 - genDependencies : Invalid condition id : Cortex-A Device cause : null
2026-08-12 11:38:36,239 [WARN] ConditionMgr:1044 - genDependencies : Invalid condition id : Cortex-A Device cause : null
2026-08-12 11:38:36,248 [WARN] PackLoader:240 - Cannot read IP mode file for STMicroelectronics.X-CUBE-STSE01.2.0.0
2026-08-12 11:38:36,261 [WARN] PackLoader:240 - Cannot read IP mode file for STMicroelectronics.X-CUBE-SUBG2.5.0.0
2026-08-12 11:38:36,281 [WARN] PackLoader:240 - Cannot read IP mode file for STMicroelectronics.X-CUBE-AZRTOS-G4.2.0.0
2026-08-12 11:38:36,288 [WARN] PackLoader:240 - Cannot read IP mode file for wolfSSL.I-CUBE-wolfSSH.1.4.20
2026-08-12 11:38:36,295 [WARN] PackLoader:240 - Cannot read IP mode file for STMicroelectronics.X-CUBE-NFC7.2.0.0
2026-08-12 11:38:36,301 [ERROR] Engine:466 - C:\Users\sumit\.stm32cubemx\thirdparties\pdsc\STMicroelectronics.X-CUBE-BLEMGR.4.2.0.pdsc: PDSC version is not supported
2026-08-12 11:38:36,307 [WARN] PackLoader:240 - Cannot read IP mode file for STMicroelectronics.X-CUBE-ALS.1.0.2
2026-08-12 11:38:36,326 [WARN] PackLoader:240 - Cannot read IP mode file for STMicroelectronics.X-CUBE-TOF1.3.4.3
2026-08-12 11:38:36,345 [INFO] ThirdParty:978 - Integrity check success = true
2026-08-12 11:38:36,345 [INFO] IntegrityCheckThread:100 - exiting critical section [integrity check]
2026-08-12 11:38:36,345 [INFO] IntegrityCheckThread:103 - End integrity checks thread
2026-08-12 11:38:49,561 [INFO] WebApp:169 - Instantiating new browser for Auth
2026-08-12 11:38:51,445 [INFO] WebApp:463 - Apply proxy settings
2026-08-12 11:38:51,445 [INFO] WebApp:548 - Chromium requires no authentication
2026-08-12 11:38:51,494 [INFO] WebApp:491 - Direct internet connection detected
2026-08-12 11:38:51,620 [INFO] WebApp:894 - Register for checkConnection events
2026-08-12 11:38:51,621 [INFO] WebApp:463 - Apply proxy settings
2026-08-12 11:38:51,621 [INFO] WebApp:548 - Chromium requires no authentication
2026-08-12 11:38:51,623 [INFO] WebApp:491 - Direct internet connection detected
2026-08-12 11:38:51,930 [INFO] WebApp:191 - Connection restablished
2026-08-12 11:38:52,149 [INFO] WebApp:225 - Starting web application
2026-08-12 11:38:52,150 [INFO] WebApp:593 - Web application path used C:\ST\STM32CubeIDE_1.18.1\STM32CubeIDE\plugins\com.st.stm32cube.common.mx_6.14.1.202504091515\db\plugins\mcufinder\reactClient1\index.html
2026-08-12 11:38:53,805 [ERROR] LogOutputStream:75 - [STDERR_REDIRECT] [Fatal Error] :1:1: Premature end of file.
2026-08-12 11:38:53,806 [ERROR] LogOutputStream:75 - [STDERR_REDIRECT] 
2026-08-12 11:38:54,356 [ERROR] LogOutputStream:75 - [STDERR_REDIRECT] [Fatal Error] :1:1: Premature end of file.
2026-08-12 11:38:54,356 [ERROR] LogOutputStream:75 - [STDERR_REDIRECT] 
2026-08-12 11:38:55,331 [ERROR] LogOutputStream:75 - [STDERR_REDIRECT] [Fatal Error] :1:1: Premature end of file.
2026-08-12 11:38:55,331 [ERROR] LogOutputStream:75 - [STDERR_REDIRECT] 
2026-08-12 11:38:56,339 [ERROR] LogOutputStream:75 - [STDERR_REDIRECT] [Fatal Error] :1:1: Premature end of file.
2026-08-12 11:38:56,340 [ERROR] LogOutputStream:75 - [STDERR_REDIRECT] 
2026-08-12 11:38:57,372 [ERROR] LogOutputStream:75 - [STDERR_REDIRECT] [Fatal Error] :1:1: Premature end of file.
2026-08-12 11:38:57,372 [ERROR] LogOutputStream:75 - [STDERR_REDIRECT] 
2026-08-12 11:38:58,344 [ERROR] LogOutputStream:75 - [STDERR_REDIRECT] [Fatal Error] :1:1: Premature end of file.
2026-08-12 11:38:58,344 [ERROR] LogOutputStream:75 - [STDERR_REDIRECT] 
2026-08-12 11:38:59,341 [ERROR] LogOutputStream:75 - [STDERR_REDIRECT] [Fatal Error] :1:1: Premature end of file.
2026-08-12 11:38:59,341 [ERROR] LogOutputStream:75 - [STDERR_REDIRECT] 
2026-08-12 11:39:00,470 [ERROR] LogOutputStream:75 - [STDERR_REDIRECT] [Fatal Error] :1:1: Premature end of file.
2026-08-12 11:39:00,472 [ERROR] LogOutputStream:75 - [STDERR_REDIRECT] 
2026-08-12 11:39:01,467 [ERROR] LogOutputStream:75 - [STDERR_REDIRECT] [Fatal Error] :1:1: Premature end of file.
2026-08-12 11:39:01,468 [ERROR] LogOutputStream:75 - [STDERR_REDIRECT] 
2026-08-12 11:39:02,467 [ERROR] LogOutputStream:75 - [STDERR_REDIRECT] [Fatal Error] :1:1: Premature end of file.
2026-08-12 11:39:02,467 [ERROR] LogOutputStream:75 - [STDERR_REDIRECT] 
2026-08-12 11:39:03,491 [ERROR] LogOutputStream:75 - [STDERR_REDIRECT] [Fatal Error] :1:1: Premature end of file.
2026-08-12 11:39:03,492 [ERROR] LogOutputStream:75 - [STDERR_REDIRECT] 
2026-08-12 11:39:04,464 [ERROR] LogOutputStream:75 - [STDERR_REDIRECT] [Fatal Error] :1:1: Premature end of file.
2026-08-12 11:39:04,465 [ERROR] LogOutputStream:75 - [STDERR_REDIRECT] 
2026-08-12 11:39:05,487 [ERROR] LogOutputStream:75 - [STDERR_REDIRECT] [Fatal Error] :1:1: Premature end of file.
2026-08-12 11:39:05,488 [ERROR] LogOutputStream:75 - [STDERR_REDIRECT] 
2026-08-12 11:39:06,452 [ERROR] LogOutputStream:75 - [STDERR_REDIRECT] [Fatal Error] :1:1: Premature end of file.
2026-08-12 11:39:06,452 [ERROR] LogOutputStream:75 - [STDERR_REDIRECT] 
2026-08-12 11:39:07,331 [ERROR] LogOutputStream:75 - [STDERR_REDIRECT] [Fatal Error] :1:1: Premature end of file.
2026-08-12 11:39:07,331 [ERROR] LogOutputStream:75 - [STDERR_REDIRECT] 
2026-08-12 11:39:08,342 [ERROR] LogOutputStream:75 - [STDERR_REDIRECT] [Fatal Error] :1:1: Premature end of file.
2026-08-12 11:39:08,343 [ERROR] LogOutputStream:75 - [STDERR_REDIRECT] 
2026-08-12 11:39:09,338 [ERROR] LogOutputStream:75 - [STDERR_REDIRECT] [Fatal Error] :1:1: Premature end of file.
2026-08-12 11:39:09,338 [ERROR] LogOutputStream:75 - [STDERR_REDIRECT] 
2026-08-12 11:39:10,338 [ERROR] LogOutputStream:75 - [STDERR_REDIRECT] [Fatal Error] :1:1: Premature end of file.
2026-08-12 11:39:10,339 [ERROR] LogOutputStream:75 - [STDERR_REDIRECT] 
2026-08-12 11:39:11,463 [ERROR] LogOutputStream:75 - [STDERR_REDIRECT] [Fatal Error] :1:1: Premature end of file.
2026-08-12 11:39:11,465 [ERROR] LogOutputStream:75 - [STDERR_REDIRECT] 
2026-08-12 11:39:12,432 [ERROR] LogOutputStream:75 - [STDERR_REDIRECT] [Fatal Error] :1:1: Premature end of file.
2026-08-12 11:39:12,433 [ERROR] LogOutputStream:75 - [STDERR_REDIRECT] 
2026-08-12 11:39:13,463 [ERROR] LogOutputStream:75 - [STDERR_REDIRECT] [Fatal Error] :1:1: Premature end of file.
2026-08-12 11:39:13,464 [ERROR] LogOutputStream:75 - [STDERR_REDIRECT] 
2026-08-12 11:39:14,340 [ERROR] LogOutputStream:75 - [STDERR_REDIRECT] [Fatal Error] :1:1: Premature end of file.
2026-08-12 11:39:14,341 [ERROR] LogOutputStream:75 - [STDERR_REDIRECT] 
2026-08-12 11:39:15,449 [ERROR] LogOutputStream:75 - [STDERR_REDIRECT] [Fatal Error] :1:1: Premature end of file.
2026-08-12 11:39:15,450 [ERROR] LogOutputStream:75 - [STDERR_REDIRECT] 
2026-08-12 11:39:16,334 [ERROR] LogOutputStream:75 - [STDERR_REDIRECT] [Fatal Error] :1:1: Premature end of file.
2026-08-12 11:39:16,334 [ERROR] LogOutputStream:75 - [STDERR_REDIRECT] 
2026-08-12 11:39:17,450 [ERROR] LogOutputStream:75 - [STDERR_REDIRECT] [Fatal Error] :1:1: Premature end of file.
2026-08-12 11:39:17,451 [ERROR] LogOutputStream:75 - [STDERR_REDIRECT] 
2026-08-12 11:39:18,439 [ERROR] LogOutputStream:75 - [STDERR_REDIRECT] [Fatal Error] :1:1: Premature end of file.
2026-08-12 11:39:18,439 [ERROR] LogOutputStream:75 - [STDERR_REDIRECT] 
2026-08-12 11:39:19,407 [ERROR] LogOutputStream:75 - [STDERR_REDIRECT] [Fatal Error] :1:1: Premature end of file.
2026-08-12 11:39:19,409 [ERROR] LogOutputStream:75 - [STDERR_REDIRECT] 
2026-08-12 11:39:20,463 [ERROR] LogOutputStream:75 - [STDERR_REDIRECT] [Fatal Error] :1:1: Premature end of file.
2026-08-12 11:39:20,464 [ERROR] LogOutputStream:75 - [STDERR_REDIRECT] 
2026-08-12 11:39:21,418 [ERROR] LogOutputStream:75 - [STDERR_REDIRECT] [Fatal Error] :1:1: Premature end of file.
2026-08-12 11:39:21,419 [ERROR] LogOutputStream:75 - [STDERR_REDIRECT] 
2026-08-12 11:39:22,444 [ERROR] LogOutputStream:75 - [STDERR_REDIRECT] [Fatal Error] :1:1: Premature end of file.
2026-08-12 11:39:22,445 [ERROR] LogOutputStream:75 - [STDERR_REDIRECT] 
2026-08-12 11:39:23,354 [ERROR] LogOutputStream:75 - [STDERR_REDIRECT] [Fatal Error] :1:1: Premature end of file.
2026-08-12 11:39:23,354 [ERROR] LogOutputStream:75 - [STDERR_REDIRECT] 
2026-08-12 11:39:24,467 [ERROR] LogOutputStream:75 - [STDERR_REDIRECT] [Fatal Error] :1:1: Premature end of file.
2026-08-12 11:39:24,467 [ERROR] LogOutputStream:75 - [STDERR_REDIRECT] 
2026-08-12 11:39:25,479 [ERROR] LogOutputStream:75 - [STDERR_REDIRECT] [Fatal Error] :1:1: Premature end of file.
2026-08-12 11:39:25,481 [ERROR] LogOutputStream:75 - [STDERR_REDIRECT] 
2026-08-12 11:39:26,418 [ERROR] LogOutputStream:75 - [STDERR_REDIRECT] [Fatal Error] :1:1: Premature end of file.
2026-08-12 11:39:26,418 [ERROR] LogOutputStream:75 - [STDERR_REDIRECT] 
2026-08-12 11:39:27,324 [ERROR] LogOutputStream:75 - [STDERR_REDIRECT] [Fatal Error] :1:1: Premature end of file.
2026-08-12 11:39:27,324 [ERROR] LogOutputStream:75 - [STDERR_REDIRECT] 
2026-08-12 11:39:28,327 [ERROR] LogOutputStream:75 - [STDERR_REDIRECT] [Fatal Error] :1:1: Premature end of file.
2026-08-12 11:39:28,328 [ERROR] LogOutputStream:75 - [STDERR_REDIRECT] 
2026-08-12 11:39:29,327 [ERROR] LogOutputStream:75 - [STDERR_REDIRECT] [Fatal Error] :1:1: Premature end of file.
2026-08-12 11:39:29,327 [ERROR] LogOutputStream:75 - [STDERR_REDIRECT] 
2026-08-12 11:39:30,333 [ERROR] LogOutputStream:75 - [STDERR_REDIRECT] [Fatal Error] :1:1: Premature end of file.
2026-08-12 11:39:30,334 [ERROR] LogOutputStream:75 - [STDERR_REDIRECT] 
2026-08-12 11:39:31,334 [ERROR] LogOutputStream:75 - [STDERR_REDIRECT] [Fatal Error] :1:1: Premature end of file.
2026-08-12 11:39:31,334 [ERROR] LogOutputStream:75 - [STDERR_REDIRECT] 
2026-08-12 11:39:32,330 [ERROR] LogOutputStream:75 - [STDERR_REDIRECT] [Fatal Error] :1:1: Premature end of file.
2026-08-12 11:39:32,330 [ERROR] LogOutputStream:75 - [STDERR_REDIRECT] 
2026-08-12 11:39:33,325 [ERROR] LogOutputStream:75 - [STDERR_REDIRECT] [Fatal Error] :1:1: Premature end of file.
2026-08-12 11:39:33,326 [ERROR] LogOutputStream:75 - [STDERR_REDIRECT] 
2026-08-12 11:39:34,328 [ERROR] LogOutputStream:75 - [STDERR_REDIRECT] [Fatal Error] :1:1: Premature end of file.
2026-08-12 11:39:34,328 [ERROR] LogOutputStream:75 - [STDERR_REDIRECT] 
2026-08-12 11:39:35,478 [ERROR] LogOutputStream:75 - [STDERR_REDIRECT] [Fatal Error] :1:1: Premature end of file.
2026-08-12 11:39:35,479 [ERROR] LogOutputStream:75 - [STDERR_REDIRECT] 
2026-08-12 11:39:36,349 [ERROR] LogOutputStream:75 - [STDERR_REDIRECT] [Fatal Error] :1:1: Premature end of file.
2026-08-12 11:39:36,349 [ERROR] LogOutputStream:75 - [STDERR_REDIRECT] 
2026-08-12 11:39:37,335 [ERROR] LogOutputStream:75 - [STDERR_REDIRECT] [Fatal Error] :1:1: Premature end of file.
2026-08-12 11:39:37,335 [ERROR] LogOutputStream:75 - [STDERR_REDIRECT] 
2026-08-12 11:39:38,322 [ERROR] LogOutputStream:75 - [STDERR_REDIRECT] [Fatal Error] :1:1: Premature end of file.
2026-08-12 11:39:38,322 [ERROR] LogOutputStream:75 - [STDERR_REDIRECT] 
2026-08-12 11:39:39,323 [ERROR] LogOutputStream:75 - [STDERR_REDIRECT] [Fatal Error] :1:1: Premature end of file.
2026-08-12 11:39:39,325 [ERROR] LogOutputStream:75 - [STDERR_REDIRECT] 
2026-08-12 11:39:40,329 [ERROR] LogOutputStream:75 - [STDERR_REDIRECT] [Fatal Error] :1:1: Premature end of file.
2026-08-12 11:39:40,329 [ERROR] LogOutputStream:75 - [STDERR_REDIRECT] 
2026-08-12 11:39:41,360 [ERROR] LogOutputStream:75 - [STDERR_REDIRECT] [Fatal Error] :1:1: Premature end of file.
2026-08-12 11:39:41,361 [ERROR] LogOutputStream:75 - [STDERR_REDIRECT] 
2026-08-12 11:39:42,461 [ERROR] LogOutputStream:75 - [STDERR_REDIRECT] [Fatal Error] :1:1: Premature end of file.
2026-08-12 11:39:42,461 [ERROR] LogOutputStream:75 - [STDERR_REDIRECT] 
2026-08-12 11:39:43,340 [ERROR] LogOutputStream:75 - [STDERR_REDIRECT] [Fatal Error] :1:1: Premature end of file.
2026-08-12 11:39:43,341 [ERROR] LogOutputStream:75 - [STDERR_REDIRECT] 
2026-08-12 11:39:44,459 [ERROR] LogOutputStream:75 - [STDERR_REDIRECT] [Fatal Error] :1:1: Premature end of file.
2026-08-12 11:39:44,460 [ERROR] LogOutputStream:75 - [STDERR_REDIRECT] 
2026-08-12 11:39:45,451 [ERROR] LogOutputStream:75 - [STDERR_REDIRECT] [Fatal Error] :1:1: Premature end of file.
2026-08-12 11:39:45,452 [ERROR] LogOutputStream:75 - [STDERR_REDIRECT] 
2026-08-12 11:39:46,335 [ERROR] LogOutputStream:75 - [STDERR_REDIRECT] [Fatal Error] :1:1: Premature end of file.
2026-08-12 11:39:46,336 [ERROR] LogOutputStream:75 - [STDERR_REDIRECT] 
2026-08-12 11:39:47,360 [ERROR] LogOutputStream:75 - [STDERR_REDIRECT] [Fatal Error] :1:1: Premature end of file.
2026-08-12 11:39:47,362 [ERROR] LogOutputStream:75 - [STDERR_REDIRECT] 
2026-08-12 11:39:48,457 [ERROR] LogOutputStream:75 - [STDERR_REDIRECT] [Fatal Error] :1:1: Premature end of file.
2026-08-12 11:39:48,458 [ERROR] LogOutputStream:75 - [STDERR_REDIRECT] 
2026-08-12 11:39:49,329 [ERROR] LogOutputStream:75 - [STDERR_REDIRECT] [Fatal Error] :1:1: Premature end of file.
2026-08-12 11:39:49,330 [ERROR] LogOutputStream:75 - [STDERR_REDIRECT] 
2026-08-12 11:39:50,342 [ERROR] LogOutputStream:75 - [STDERR_REDIRECT] [Fatal Error] :1:1: Premature end of file.
2026-08-12 11:39:50,342 [ERROR] LogOutputStream:75 - [STDERR_REDIRECT] 
2026-08-12 11:39:51,483 [ERROR] LogOutputStream:75 - [STDERR_REDIRECT] [Fatal Error] :1:1: Premature end of file.
2026-08-12 11:39:51,485 [ERROR] LogOutputStream:75 - [STDERR_REDIRECT] 
2026-08-12 11:39:52,382 [ERROR] LogOutputStream:75 - [STDERR_REDIRECT] [Fatal Error] :1:1: Premature end of file.
2026-08-12 11:39:52,382 [ERROR] LogOutputStream:75 - [STDERR_REDIRECT] 
2026-08-12 11:39:53,345 [ERROR] LogOutputStream:75 - [STDERR_REDIRECT] [Fatal Error] :1:1: Premature end of file.
2026-08-12 11:39:53,345 [ERROR] LogOutputStream:75 - [STDERR_REDIRECT] 
2026-08-12 11:39:54,384 [ERROR] LogOutputStream:75 - [STDERR_REDIRECT] [Fatal Error] :1:1: Premature end of file.
2026-08-12 11:39:54,385 [ERROR] LogOutputStream:75 - [STDERR_REDIRECT] 
2026-08-12 11:39:55,401 [ERROR] LogOutputStream:75 - [STDERR_REDIRECT] [Fatal Error] :1:1: Premature end of file.
2026-08-12 11:39:55,402 [ERROR] LogOutputStream:75 - [STDERR_REDIRECT] 
2026-08-12 11:39:56,354 [ERROR] LogOutputStream:75 - [STDERR_REDIRECT] [Fatal Error] :1:1: Premature end of file.
2026-08-12 11:39:56,354 [ERROR] LogOutputStream:75 - [STDERR_REDIRECT] 
2026-08-12 11:39:57,385 [ERROR] LogOutputStream:75 - [STDERR_REDIRECT] [Fatal Error] :1:1: Premature end of file.
2026-08-12 11:39:57,385 [ERROR] LogOutputStream:75 - [STDERR_REDIRECT] 
2026-08-12 11:39:58,482 [ERROR] LogOutputStream:75 - [STDERR_REDIRECT] [Fatal Error] :1:1: Premature end of file.
2026-08-12 11:39:58,482 [ERROR] LogOutputStream:75 - [STDERR_REDIRECT] 
2026-08-12 11:39:59,425 [ERROR] LogOutputStream:75 - [STDERR_REDIRECT] [Fatal Error] :1:1: Premature end of file.
2026-08-12 11:39:59,425 [ERROR] LogOutputStream:75 - [STDERR_REDIRECT] 
2026-08-12 11:40:00,478 [ERROR] LogOutputStream:75 - [STDERR_REDIRECT] [Fatal Error] :1:1: Premature end of file.
2026-08-12 11:40:00,478 [ERROR] LogOutputStream:75 - [STDERR_REDIRECT] 
2026-08-12 11:40:01,403 [ERROR] LogOutputStream:75 - [STDERR_REDIRECT] [Fatal Error] :1:1: Premature end of file.
2026-08-12 11:40:01,403 [ERROR] LogOutputStream:75 - [STDERR_REDIRECT] 
2026-08-12 11:40:02,372 [ERROR] LogOutputStream:75 - [STDERR_REDIRECT] [Fatal Error] :1:1: Premature end of file.
2026-08-12 11:40:02,374 [ERROR] LogOutputStream:75 - [STDERR_REDIRECT] 
2026-08-12 11:40:03,346 [ERROR] LogOutputStream:75 - [STDERR_REDIRECT] [Fatal Error] :1:1: Premature end of file.
2026-08-12 11:40:03,346 [ERROR] LogOutputStream:75 - [STDERR_REDIRECT] 
2026-08-12 11:40:04,347 [ERROR] LogOutputStream:75 - [STDERR_REDIRECT] [Fatal Error] :1:1: Premature end of file.
2026-08-12 11:40:04,347 [ERROR] LogOutputStream:75 - [STDERR_REDIRECT] 
2026-08-12 11:40:05,342 [ERROR] LogOutputStream:75 - [STDERR_REDIRECT] [Fatal Error] :1:1: Premature end of file.
2026-08-12 11:40:05,342 [ERROR] LogOutputStream:75 - [STDERR_REDIRECT] 
2026-08-12 11:40:06,338 [ERROR] LogOutputStream:75 - [STDERR_REDIRECT] [Fatal Error] :1:1: Premature end of file.
2026-08-12 11:40:06,338 [ERROR] LogOutputStream:75 - [STDERR_REDIRECT] 
2026-08-12 11:40:07,342 [ERROR] LogOutputStream:75 - [STDERR_REDIRECT] [Fatal Error] :1:1: Premature end of file.
2026-08-12 11:40:07,342 [ERROR] LogOutputStream:75 - [STDERR_REDIRECT] 
2026-08-12 11:40:08,346 [ERROR] LogOutputStream:75 - [STDERR_REDIRECT] [Fatal Error] :1:1: Premature end of file.
2026-08-12 11:40:08,346 [ERROR] LogOutputStream:75 - [STDERR_REDIRECT] 
2026-08-12 11:40:09,377 [ERROR] LogOutputStream:75 - [STDERR_REDIRECT] [Fatal Error] :1:1: Premature end of file.
2026-08-12 11:40:09,377 [ERROR] LogOutputStream:75 - [STDERR_REDIRECT] 
2026-08-12 11:40:10,342 [ERROR] LogOutputStream:75 - [STDERR_REDIRECT] [Fatal Error] :1:1: Premature end of file.
2026-08-12 11:40:10,342 [ERROR] LogOutputStream:75 - [STDERR_REDIRECT] 
2026-08-12 11:40:11,350 [ERROR] LogOutputStream:75 - [STDERR_REDIRECT] [Fatal Error] :1:1: Premature end of file.
2026-08-12 11:40:11,350 [ERROR] LogOutputStream:75 - [STDERR_REDIRECT] 
2026-08-12 11:40:12,455 [ERROR] LogOutputStream:75 - [STDERR_REDIRECT] [Fatal Error] :1:1: Premature end of file.
2026-08-12 11:40:12,455 [ERROR] LogOutputStream:75 - [STDERR_REDIRECT] 
2026-08-12 11:40:13,435 [ERROR] LogOutputStream:75 - [STDERR_REDIRECT] [Fatal Error] :1:1: Premature end of file.
2026-08-12 11:40:13,436 [ERROR] LogOutputStream:75 - [STDERR_REDIRECT] 
2026-08-12 11:40:14,334 [ERROR] LogOutputStream:75 - [STDERR_REDIRECT] [Fatal Error] :1:1: Premature end of file.
2026-08-12 11:40:14,334 [ERROR] LogOutputStream:75 - [STDERR_REDIRECT] 
2026-08-12 11:40:15,341 [ERROR] LogOutputStream:75 - [STDERR_REDIRECT] [Fatal Error] :1:1: Premature end of file.
2026-08-12 11:40:15,341 [ERROR] LogOutputStream:75 - [STDERR_REDIRECT] 
2026-08-12 11:40:16,466 [ERROR] LogOutputStream:75 - [STDERR_REDIRECT] [Fatal Error] :1:1: Premature end of file.
2026-08-12 11:40:16,468 [ERROR] LogOutputStream:75 - [STDERR_REDIRECT] 
2026-08-12 11:40:17,429 [ERROR] LogOutputStream:75 - [STDERR_REDIRECT] [Fatal Error] :1:1: Premature end of file.
2026-08-12 11:40:17,429 [ERROR] LogOutputStream:75 - [STDERR_REDIRECT] 
2026-08-12 11:40:18,462 [ERROR] LogOutputStream:75 - [STDERR_REDIRECT] [Fatal Error] :1:1: Premature end of file.
2026-08-12 11:40:18,465 [ERROR] LogOutputStream:75 - [STDERR_REDIRECT] 
2026-08-12 11:40:19,373 [ERROR] LogOutputStream:75 - [STDERR_REDIRECT] [Fatal Error] :1:1: Premature end of file.
2026-08-12 11:40:19,373 [ERROR] LogOutputStream:75 - [STDERR_REDIRECT] 
2026-08-12 11:40:20,436 [ERROR] LogOutputStream:75 - [STDERR_REDIRECT] [Fatal Error] :1:1: Premature end of file.
2026-08-12 11:40:20,438 [ERROR] LogOutputStream:75 - [STDERR_REDIRECT] 
2026-08-12 11:40:21,445 [ERROR] LogOutputStream:75 - [STDERR_REDIRECT] [Fatal Error] :1:1: Premature end of file.
2026-08-12 11:40:21,446 [ERROR] LogOutputStream:75 - [STDERR_REDIRECT] 
2026-08-12 11:40:22,348 [ERROR] LogOutputStream:75 - [STDERR_REDIRECT] [Fatal Error] :1:1: Premature end of file.
2026-08-12 11:40:22,348 [ERROR] LogOutputStream:75 - [STDERR_REDIRECT] 
2026-08-12 11:40:23,417 [ERROR] LogOutputStream:75 - [STDERR_REDIRECT] [Fatal Error] :1:1: Premature end of file.
2026-08-12 11:40:23,417 [ERROR] LogOutputStream:75 - [STDERR_REDIRECT] 
2026-08-12 11:40:24,350 [ERROR] LogOutputStream:75 - [STDERR_REDIRECT] [Fatal Error] :1:1: Premature end of file.
2026-08-12 11:40:24,352 [ERROR] LogOutputStream:75 - [STDERR_REDIRECT] 
2026-08-12 11:40:25,424 [ERROR] LogOutputStream:75 - [STDERR_REDIRECT] [Fatal Error] :1:1: Premature end of file.
2026-08-12 11:40:25,426 [ERROR] LogOutputStream:75 - [STDERR_REDIRECT] 
2026-08-12 11:40:26,359 [ERROR] LogOutputStream:75 - [STDERR_REDIRECT] [Fatal Error] :1:1: Premature end of file.
2026-08-12 11:40:26,359 [ERROR] LogOutputStream:75 - [STDERR_REDIRECT] 
2026-08-12 11:40:27,356 [ERROR] LogOutputStream:75 - [STDERR_REDIRECT] [Fatal Error] :1:1: Premature end of file.
2026-08-12 11:40:27,356 [ERROR] LogOutputStream:75 - [STDERR_REDIRECT] 
2026-08-12 11:40:28,364 [ERROR] LogOutputStream:75 - [STDERR_REDIRECT] [Fatal Error] :1:1: Premature end of file.
2026-08-12 11:40:28,364 [ERROR] LogOutputStream:75 - [STDERR_REDIRECT] 
2026-08-12 11:40:29,358 [ERROR] LogOutputStream:75 - [STDERR_REDIRECT] [Fatal Error] :1:1: Premature end of file.
2026-08-12 11:40:29,358 [ERROR] LogOutputStream:75 - [STDERR_REDIRECT] 
2026-08-12 11:40:30,354 [ERROR] LogOutputStream:75 - [STDERR_REDIRECT] [Fatal Error] :1:1: Premature end of file.
2026-08-12 11:40:30,354 [ERROR] LogOutputStream:75 - [STDERR_REDIRECT] 
2026-08-12 11:40:31,383 [ERROR] LogOutputStream:75 - [STDERR_REDIRECT] [Fatal Error] :1:1: Premature end of file.
2026-08-12 11:40:31,383 [ERROR] LogOutputStream:75 - [STDERR_REDIRECT] 
2026-08-12 11:40:32,360 [ERROR] LogOutputStream:75 - [STDERR_REDIRECT] [Fatal Error] :1:1: Premature end of file.
2026-08-12 11:40:32,360 [ERROR] LogOutputStream:75 - [STDERR_REDIRECT] 
2026-08-12 11:40:33,387 [ERROR] LogOutputStream:75 - [STDERR_REDIRECT] [Fatal Error] :1:1: Premature end of file.
2026-08-12 11:40:33,387 [ERROR] LogOutputStream:75 - [STDERR_REDIRECT] 
2026-08-12 11:40:34,470 [ERROR] LogOutputStream:75 - [STDERR_REDIRECT] [Fatal Error] :1:1: Premature end of file.
2026-08-12 11:40:34,472 [ERROR] LogOutputStream:75 - [STDERR_REDIRECT] 
2026-08-12 11:40:35,333 [ERROR] LogOutputStream:75 - [STDERR_REDIRECT] [Fatal Error] :1:1: Premature end of file.
2026-08-12 11:40:35,333 [ERROR] LogOutputStream:75 - [STDERR_REDIRECT] 
2026-08-12 11:40:36,417 [ERROR] LogOutputStream:75 - [STDERR_REDIRECT] [Fatal Error] :1:1: Premature end of file.
2026-08-12 11:40:36,418 [ERROR] LogOutputStream:75 - [STDERR_REDIRECT] 
2026-08-12 11:40:37,355 [ERROR] LogOutputStream:75 - [STDERR_REDIRECT] [Fatal Error] :1:1: Premature end of file.
2026-08-12 11:40:37,355 [ERROR] LogOutputStream:75 - [STDERR_REDIRECT] 
2026-08-12 11:40:38,348 [ERROR] LogOutputStream:75 - [STDERR_REDIRECT] [Fatal Error] :1:1: Premature end of file.
2026-08-12 11:40:38,349 [ERROR] LogOutputStream:75 - [STDERR_REDIRECT] 
2026-08-12 11:40:39,376 [ERROR] LogOutputStream:75 - [STDERR_REDIRECT] [Fatal Error] :1:1: Premature end of file.
2026-08-12 11:40:39,377 [ERROR] LogOutputStream:75 - [STDERR_REDIRECT] 
2026-08-12 11:40:40,454 [ERROR] LogOutputStream:75 - [STDERR_REDIRECT] [Fatal Error] :1:1: Premature end of file.
2026-08-12 11:40:40,455 [ERROR] LogOutputStream:75 - [STDERR_REDIRECT] 
2026-08-12 11:40:41,507 [ERROR] LogOutputStream:75 - [STDERR_REDIRECT] [Fatal Error] :1:1: Premature end of file.
2026-08-12 11:40:41,507 [ERROR] LogOutputStream:75 - [STDERR_REDIRECT] 
2026-08-12 11:40:42,506 [ERROR] LogOutputStream:75 - [STDERR_REDIRECT] [Fatal Error] :1:1: Premature end of file.
2026-08-12 11:40:42,507 [ERROR] LogOutputStream:75 - [STDERR_REDIRECT] 
2026-08-12 11:40:43,388 [ERROR] LogOutputStream:75 - [STDERR_REDIRECT] [Fatal Error] :1:1: Premature end of file.
2026-08-12 11:40:43,388 [ERROR] LogOutputStream:75 - [STDERR_REDIRECT] 
2026-08-12 11:40:44,481 [ERROR] LogOutputStream:75 - [STDERR_REDIRECT] [Fatal Error] :1:1: Premature end of file.
2026-08-12 11:40:44,481 [ERROR] LogOutputStream:75 - [STDERR_REDIRECT] 
2026-08-12 11:40:45,369 [ERROR] LogOutputStream:75 - [STDERR_REDIRECT] [Fatal Error] :1:1: Premature end of file.
2026-08-12 11:40:45,369 [ERROR] LogOutputStream:75 - [STDERR_REDIRECT] 
2026-08-12 11:40:46,351 [ERROR] LogOutputStream:75 - [STDERR_REDIRECT] [Fatal Error] :1:1: Premature end of file.
2026-08-12 11:40:46,351 [ERROR] LogOutputStream:75 - [STDERR_REDIRECT] 
2026-08-12 11:40:47,347 [ERROR] LogOutputStream:75 - [STDERR_REDIRECT] [Fatal Error] :1:1: Premature end of file.
2026-08-12 11:40:47,348 [ERROR] LogOutputStream:75 - [STDERR_REDIRECT] 
2026-08-12 11:40:48,390 [ERROR] LogOutputStream:75 - [STDERR_REDIRECT] [Fatal Error] :1:1: Premature end of file.
2026-08-12 11:40:48,390 [ERROR] LogOutputStream:75 - [STDERR_REDIRECT] 
2026-08-12 11:40:49,353 [ERROR] LogOutputStream:75 - [STDERR_REDIRECT] [Fatal Error] :1:1: Premature end of file.
2026-08-12 11:40:49,353 [ERROR] LogOutputStream:75 - [STDERR_REDIRECT] 
2026-08-12 11:40:50,373 [ERROR] LogOutputStream:75 - [STDERR_REDIRECT] [Fatal Error] :1:1: Premature end of file.
2026-08-12 11:40:50,374 [ERROR] LogOutputStream:75 - [STDERR_REDIRECT] 
2026-08-12 11:40:51,346 [ERROR] LogOutputStream:75 - [STDERR_REDIRECT] [Fatal Error] :1:1: Premature end of file.
2026-08-12 11:40:51,347 [ERROR] LogOutputStream:75 - [STDERR_REDIRECT] 
2026-08-12 11:40:57,428 [ERROR] LogOutputStream:75 - [STDERR_REDIRECT] [Fatal Error] :1:1: Premature end of file.
2026-08-12 11:40:57,429 [ERROR] LogOutputStream:75 - [STDERR_REDIRECT] 
2026-08-12 11:40:57,651 [ERROR] LogOutputStream:75 - [STDERR_REDIRECT] [Fatal Error] :1:1: Premature end of file.
2026-08-12 11:40:57,652 [ERROR] LogOutputStream:75 - [STDERR_REDIRECT] 
2026-08-12 11:40:57,769 [ERROR] LogOutputStream:75 - [STDERR_REDIRECT] [Fatal Error] :1:1: Premature end of file.
2026-08-12 11:40:57,769 [ERROR] LogOutputStream:75 - [STDERR_REDIRECT] 
2026-08-12 11:40:57,861 [ERROR] LogOutputStream:75 - [STDERR_REDIRECT] [Fatal Error] :1:1: Premature end of file.
2026-08-12 11:40:57,862 [ERROR] LogOutputStream:75 - [STDERR_REDIRECT] 
2026-08-12 11:40:57,945 [ERROR] LogOutputStream:75 - [STDERR_REDIRECT] [Fatal Error] :1:1: Premature end of file.
2026-08-12 11:40:57,945 [ERROR] LogOutputStream:75 - [STDERR_REDIRECT] 
2026-08-12 11:40:58,015 [ERROR] LogOutputStream:75 - [STDERR_REDIRECT] [Fatal Error] :1:1: Premature end of file.
2026-08-12 11:40:58,016 [ERROR] LogOutputStream:75 - [STDERR_REDIRECT] 
2026-08-12 11:40:59,590 [ERROR] LogOutputStream:75 - [STDERR_REDIRECT] [Fatal Error] :1:1: Premature end of file.
2026-08-12 11:40:59,595 [ERROR] LogOutputStream:75 - [STDERR_REDIRECT] 
2026-08-12 11:41:02,245 [ERROR] LogOutputStream:75 - [STDERR_REDIRECT] [Fatal Error] :1:1: Premature end of file.
2026-08-12 11:41:02,249 [ERROR] LogOutputStream:75 - [STDERR_REDIRECT] 
2026-08-12 11:41:03,307 [ERROR] LogOutputStream:75 - [STDERR_REDIRECT] [Fatal Error] :1:1: Premature end of file.
2026-08-12 11:41:03,310 [ERROR] LogOutputStream:75 - [STDERR_REDIRECT] 
2026-08-12 11:41:03,484 [ERROR] LogOutputStream:75 - [STDERR_REDIRECT] [Fatal Error] :1:1: Premature end of file.
2026-08-12 11:41:03,484 [ERROR] LogOutputStream:75 - [STDERR_REDIRECT] 
2026-08-12 11:41:03,560 [ERROR] LogOutputStream:75 - [STDERR_REDIRECT] [Fatal Error] :1:1: Premature end of file.
2026-08-12 11:41:03,560 [ERROR] LogOutputStream:75 - [STDERR_REDIRECT] 
2026-08-12 11:41:03,639 [ERROR] LogOutputStream:75 - [STDERR_REDIRECT] [Fatal Error] :1:1: Premature end of file.
2026-08-12 11:41:03,639 [ERROR] LogOutputStream:75 - [STDERR_REDIRECT] 
2026-08-12 11:41:04,357 [ERROR] LogOutputStream:75 - [STDERR_REDIRECT] [Fatal Error] :1:1: Premature end of file.
2026-08-12 11:41:04,357 [ERROR] LogOutputStream:75 - [STDERR_REDIRECT] 
2026-08-12 11:41:05,323 [ERROR] LogOutputStream:75 - [STDERR_REDIRECT] [Fatal Error] :1:1: Premature end of file.
2026-08-12 11:41:05,323 [ERROR] LogOutputStream:75 - [STDERR_REDIRECT] 
2026-08-12 11:41:06,326 [ERROR] LogOutputStream:75 - [STDERR_REDIRECT] [Fatal Error] :1:1: Premature end of file.
2026-08-12 11:41:06,326 [ERROR] LogOutputStream:75 - [STDERR_REDIRECT] 
2026-08-12 11:41:07,330 [ERROR] LogOutputStream:75 - [STDERR_REDIRECT] [Fatal Error] :1:1: Premature end of file.
2026-08-12 11:41:07,330 [ERROR] LogOutputStream:75 - [STDERR_REDIRECT] 
2026-08-12 11:41:08,360 [ERROR] LogOutputStream:75 - [STDERR_REDIRECT] [Fatal Error] :1:1: Premature end of file.
2026-08-12 11:41:08,360 [ERROR] LogOutputStream:75 - [STDERR_REDIRECT] 
2026-08-12 11:41:09,333 [ERROR] LogOutputStream:75 - [STDERR_REDIRECT] [Fatal Error] :1:1: Premature end of file.
2026-08-12 11:41:09,333 [ERROR] LogOutputStream:75 - [STDERR_REDIRECT] 
2026-08-12 11:41:11,471 [ERROR] LogOutputStream:75 - [STDERR_REDIRECT] [Fatal Error] :1:1: Premature end of file.
2026-08-12 11:41:11,474 [ERROR] LogOutputStream:75 - [STDERR_REDIRECT] 
2026-08-12 11:41:12,673 [ERROR] LogOutputStream:75 - [STDERR_REDIRECT] [Fatal Error] :1:1: Premature end of file.
2026-08-12 11:41:12,679 [ERROR] LogOutputStream:75 - [STDERR_REDIRECT] 
2026-08-12 11:41:14,038 [ERROR] LogOutputStream:75 - [STDERR_REDIRECT] [Fatal Error] :1:1: Premature end of file.
2026-08-12 11:41:14,040 [ERROR] LogOutputStream:75 - [STDERR_REDIRECT] 
2026-08-12 11:41:14,453 [ERROR] LogOutputStream:75 - [STDERR_REDIRECT] [Fatal Error] :1:1: Premature end of file.
2026-08-12 11:41:14,453 [ERROR] LogOutputStream:75 - [STDERR_REDIRECT] 
2026-08-12 11:41:14,517 [ERROR] LogOutputStream:75 - [STDERR_REDIRECT] [Fatal Error] :1:1: Premature end of file.
2026-08-12 11:41:14,517 [ERROR] LogOutputStream:75 - [STDERR_REDIRECT] 
2026-08-12 11:41:15,322 [ERROR] LogOutputStream:75 - [STDERR_REDIRECT] [Fatal Error] :1:1: Premature end of file.
2026-08-12 11:41:15,322 [ERROR] LogOutputStream:75 - [STDERR_REDIRECT] 
2026-08-12 11:41:16,327 [ERROR] LogOutputStream:75 - [STDERR_REDIRECT] [Fatal Error] :1:1: Premature end of file.
2026-08-12 11:41:16,328 [ERROR] LogOutputStream:75 - [STDERR_REDIRECT] 
2026-08-12 11:41:17,322 [ERROR] LogOutputStream:75 - [STDERR_REDIRECT] [Fatal Error] :1:1: Premature end of file.
2026-08-12 11:41:17,322 [ERROR] LogOutputStream:75 - [STDERR_REDIRECT] 
2026-08-12 11:41:18,328 [ERROR] LogOutputStream:75 - [STDERR_REDIRECT] [Fatal Error] :1:1: Premature end of file.
2026-08-12 11:41:18,328 [ERROR] LogOutputStream:75 - [STDERR_REDIRECT] 
2026-08-12 11:41:19,327 [ERROR] LogOutputStream:75 - [STDERR_REDIRECT] [Fatal Error] :1:1: Premature end of file.
2026-08-12 11:41:19,327 [ERROR] LogOutputStream:75 - [STDERR_REDIRECT] 
2026-08-12 11:41:20,322 [ERROR] LogOutputStream:75 - [STDERR_REDIRECT] [Fatal Error] :1:1: Premature end of file.
2026-08-12 11:41:20,322 [ERROR] LogOutputStream:75 - [STDERR_REDIRECT] 
2026-08-12 11:41:21,329 [ERROR] LogOutputStream:75 - [STDERR_REDIRECT] [Fatal Error] :1:1: Premature end of file.
2026-08-12 11:41:21,330 [ERROR] LogOutputStream:75 - [STDERR_REDIRECT] 
2026-08-12 11:41:22,335 [ERROR] LogOutputStream:75 - [STDERR_REDIRECT] [Fatal Error] :1:1: Premature end of file.
2026-08-12 11:41:22,335 [ERROR] LogOutputStream:75 - [STDERR_REDIRECT] 
2026-08-12 11:41:23,356 [ERROR] LogOutputStream:75 - [STDERR_REDIRECT] [Fatal Error] :1:1: Premature end of file.
2026-08-12 11:41:23,357 [ERROR] LogOutputStream:75 - [STDERR_REDIRECT] 
2026-08-12 11:41:24,412 [ERROR] LogOutputStream:75 - [STDERR_REDIRECT] [Fatal Error] :1:1: Premature end of file.
2026-08-12 11:41:24,413 [ERROR] LogOutputStream:75 - [STDERR_REDIRECT] 
2026-08-12 11:41:25,445 [ERROR] LogOutputStream:75 - [STDERR_REDIRECT] [Fatal Error] :1:1: Premature end of file.
2026-08-12 11:41:25,445 [ERROR] LogOutputStream:75 - [STDERR_REDIRECT] 
2026-08-12 11:41:26,404 [ERROR] LogOutputStream:75 - [STDERR_REDIRECT] [Fatal Error] :1:1: Premature end of file.
2026-08-12 11:41:26,405 [ERROR] LogOutputStream:75 - [STDERR_REDIRECT] 
2026-08-12 11:41:27,463 [ERROR] LogOutputStream:75 - [STDERR_REDIRECT] [Fatal Error] :1:1: Premature end of file.
2026-08-12 11:41:27,464 [ERROR] LogOutputStream:75 - [STDERR_REDIRECT] 
2026-08-12 11:41:28,469 [ERROR] LogOutputStream:75 - [STDERR_REDIRECT] [Fatal Error] :1:1: Premature end of file.
2026-08-12 11:41:28,470 [ERROR] LogOutputStream:75 - [STDERR_REDIRECT] 
2026-08-12 11:41:29,460 [ERROR] LogOutputStream:75 - [STDERR_REDIRECT] [Fatal Error] :1:1: Premature end of file.
2026-08-12 11:41:29,460 [ERROR] LogOutputStream:75 - [STDERR_REDIRECT] 
2026-08-12 11:41:30,463 [ERROR] LogOutputStream:75 - [STDERR_REDIRECT] [Fatal Error] :1:1: Premature end of file.
2026-08-12 11:41:30,463 [ERROR] LogOutputStream:75 - [STDERR_REDIRECT] 
2026-08-12 11:41:31,504 [ERROR] LogOutputStream:75 - [STDERR_REDIRECT] [Fatal Error] :1:1: Premature end of file.
2026-08-12 11:41:31,506 [ERROR] LogOutputStream:75 - [STDERR_REDIRECT] 
2026-08-12 11:41:32,374 [ERROR] LogOutputStream:75 - [STDERR_REDIRECT] [Fatal Error] :1:1: Premature end of file.
2026-08-12 11:41:32,375 [ERROR] LogOutputStream:75 - [STDERR_REDIRECT] 
2026-08-12 11:41:33,452 [ERROR] LogOutputStream:75 - [STDERR_REDIRECT] [Fatal Error] :1:1: Premature end of file.
2026-08-12 11:41:33,452 [ERROR] LogOutputStream:75 - [STDERR_REDIRECT] 
2026-08-12 11:41:34,466 [ERROR] LogOutputStream:75 - [STDERR_REDIRECT] [Fatal Error] :1:1: Premature end of file.
2026-08-12 11:41:34,467 [ERROR] LogOutputStream:75 - [STDERR_REDIRECT] 
2026-08-12 11:41:35,475 [ERROR] LogOutputStream:75 - [STDERR_REDIRECT] [Fatal Error] :1:1: Premature end of file.
2026-08-12 11:41:35,475 [ERROR] LogOutputStream:75 - [STDERR_REDIRECT] 
2026-08-12 11:41:36,460 [ERROR] LogOutputStream:75 - [STDERR_REDIRECT] [Fatal Error] :1:1: Premature end of file.
2026-08-12 11:41:36,461 [ERROR] LogOutputStream:75 - [STDERR_REDIRECT] 
2026-08-12 11:41:37,423 [ERROR] LogOutputStream:75 - [STDERR_REDIRECT] [Fatal Error] :1:1: Premature end of file.
2026-08-12 11:41:37,423 [ERROR] LogOutputStream:75 - [STDERR_REDIRECT] 
2026-08-12 11:41:38,397 [ERROR] LogOutputStream:75 - [STDERR_REDIRECT] [Fatal Error] :1:1: Premature end of file.
2026-08-12 11:41:38,398 [ERROR] LogOutputStream:75 - [STDERR_REDIRECT] 
2026-08-12 11:41:39,463 [ERROR] LogOutputStream:75 - [STDERR_REDIRECT] [Fatal Error] :1:1: Premature end of file.
2026-08-12 11:41:39,464 [ERROR] LogOutputStream:75 - [STDERR_REDIRECT] 
2026-08-12 11:41:40,479 [ERROR] LogOutputStream:75 - [STDERR_REDIRECT] [Fatal Error] :1:1: Premature end of file.
2026-08-12 11:41:40,480 [ERROR] LogOutputStream:75 - [STDERR_REDIRECT] 
2026-08-12 11:41:41,470 [ERROR] LogOutputStream:75 - [STDERR_REDIRECT] [Fatal Error] :1:1: Premature end of file.
2026-08-12 11:41:41,470 [ERROR] LogOutputStream:75 - [STDERR_REDIRECT] 
2026-08-12 11:41:42,478 [ERROR] LogOutputStream:75 - [STDERR_REDIRECT] [Fatal Error] :1:1: Premature end of file.
2026-08-12 11:41:42,479 [ERROR] LogOutputStream:75 - [STDERR_REDIRECT] 
2026-08-12 11:41:43,481 [ERROR] LogOutputStream:75 - [STDERR_REDIRECT] [Fatal Error] :1:1: Premature end of file.
2026-08-12 11:41:43,483 [ERROR] LogOutputStream:75 - [STDERR_REDIRECT] 
2026-08-12 11:41:44,408 [ERROR] LogOutputStream:75 - [STDERR_REDIRECT] [Fatal Error] :1:1: Premature end of file.
2026-08-12 11:41:44,408 [ERROR] LogOutputStream:75 - [STDERR_REDIRECT] 
2026-08-12 11:41:45,475 [ERROR] LogOutputStream:75 - [STDERR_REDIRECT] [Fatal Error] :1:1: Premature end of file.
2026-08-12 11:41:45,476 [ERROR] LogOutputStream:75 - [STDERR_REDIRECT] 
2026-08-12 11:41:46,479 [ERROR] LogOutputStream:75 - [STDERR_REDIRECT] [Fatal Error] :1:1: Premature end of file.
2026-08-12 11:41:46,479 [ERROR] LogOutputStream:75 - [STDERR_REDIRECT] 
2026-08-12 11:41:47,350 [ERROR] LogOutputStream:75 - [STDERR_REDIRECT] [Fatal Error] :1:1: Premature end of file.
2026-08-12 11:41:47,351 [ERROR] LogOutputStream:75 - [STDERR_REDIRECT] 
2026-08-12 11:41:48,488 [ERROR] LogOutputStream:75 - [STDERR_REDIRECT] [Fatal Error] :1:1: Premature end of file.
2026-08-12 11:41:48,489 [ERROR] LogOutputStream:75 - [STDERR_REDIRECT] 
2026-08-12 11:41:49,450 [ERROR] LogOutputStream:75 - [STDERR_REDIRECT] [Fatal Error] :1:1: Premature end of file.
2026-08-12 11:41:49,452 [ERROR] LogOutputStream:75 - [STDERR_REDIRECT] 
2026-08-12 11:41:50,478 [ERROR] LogOutputStream:75 - [STDERR_REDIRECT] [Fatal Error] :1:1: Premature end of file.
2026-08-12 11:41:50,479 [ERROR] LogOutputStream:75 - [STDERR_REDIRECT] 
2026-08-12 11:41:51,412 [ERROR] LogOutputStream:75 - [STDERR_REDIRECT] [Fatal Error] :1:1: Premature end of file.
2026-08-12 11:41:51,412 [ERROR] LogOutputStream:75 - [STDERR_REDIRECT] 
2026-08-12 11:41:52,481 [ERROR] LogOutputStream:75 - [STDERR_REDIRECT] [Fatal Error] :1:1: Premature end of file.
2026-08-12 11:41:52,481 [ERROR] LogOutputStream:75 - [STDERR_REDIRECT] 
2026-08-12 11:41:53,479 [ERROR] LogOutputStream:75 - [STDERR_REDIRECT] [Fatal Error] :1:1: Premature end of file.
2026-08-12 11:41:53,480 [ERROR] LogOutputStream:75 - [STDERR_REDIRECT] 
2026-08-12 11:41:54,440 [ERROR] LogOutputStream:75 - [STDERR_REDIRECT] [Fatal Error] :1:1: Premature end of file.
2026-08-12 11:41:54,440 [ERROR] LogOutputStream:75 - [STDERR_REDIRECT] 
2026-08-12 11:41:55,479 [ERROR] LogOutputStream:75 - [STDERR_REDIRECT] [Fatal Error] :1:1: Premature end of file.
2026-08-12 11:41:55,480 [ERROR] LogOutputStream:75 - [STDERR_REDIRECT] 
2026-08-12 11:41:56,479 [ERROR] LogOutputStream:75 - [STDERR_REDIRECT] [Fatal Error] :1:1: Premature end of file.
2026-08-12 11:41:56,480 [ERROR] LogOutputStream:75 - [STDERR_REDIRECT] 
2026-08-12 11:41:57,477 [ERROR] LogOutputStream:75 - [STDERR_REDIRECT] [Fatal Error] :1:1: Premature end of file.
2026-08-12 11:41:57,478 [ERROR] LogOutputStream:75 - [STDERR_REDIRECT] 
2026-08-12 11:41:58,480 [ERROR] LogOutputStream:75 - [STDERR_REDIRECT] [Fatal Error] :1:1: Premature end of file.
2026-08-12 11:41:58,481 [ERROR] LogOutputStream:75 - [STDERR_REDIRECT] 
2026-08-12 11:41:59,476 [ERROR] LogOutputStream:75 - [STDERR_REDIRECT] [Fatal Error] :1:1: Premature end of file.
2026-08-12 11:41:59,478 [ERROR] LogOutputStream:75 - [STDERR_REDIRECT] 
2026-08-12 11:42:00,504 [ERROR] LogOutputStream:75 - [STDERR_REDIRECT] [Fatal Error] :1:1: Premature end of file.
2026-08-12 11:42:00,505 [ERROR] LogOutputStream:75 - [STDERR_REDIRECT] 
2026-08-12 11:42:01,483 [ERROR] LogOutputStream:75 - [STDERR_REDIRECT] [Fatal Error] :1:1: Premature end of file.
2026-08-12 11:42:01,484 [ERROR] LogOutputStream:75 - [STDERR_REDIRECT] 
2026-08-12 11:42:02,481 [ERROR] LogOutputStream:75 - [STDERR_REDIRECT] [Fatal Error] :1:1: Premature end of file.
2026-08-12 11:42:02,481 [ERROR] LogOutputStream:75 - [STDERR_REDIRECT] 
2026-08-12 11:42:03,487 [ERROR] LogOutputStream:75 - [STDERR_REDIRECT] [Fatal Error] :1:1: Premature end of file.
2026-08-12 11:42:03,488 [ERROR] LogOutputStream:75 - [STDERR_REDIRECT] 
2026-08-12 11:42:04,380 [ERROR] LogOutputStream:75 - [STDERR_REDIRECT] [Fatal Error] :1:1: Premature end of file.
2026-08-12 11:42:04,380 [ERROR] LogOutputStream:75 - [STDERR_REDIRECT] 
2026-08-12 11:42:05,413 [ERROR] LogOutputStream:75 - [STDERR_REDIRECT] [Fatal Error] :1:1: Premature end of file.
2026-08-12 11:42:05,414 [ERROR] LogOutputStream:75 - [STDERR_REDIRECT] 
2026-08-12 11:42:06,447 [ERROR] LogOutputStream:75 - [STDERR_REDIRECT] [Fatal Error] :1:1: Premature end of file.
2026-08-12 11:42:06,448 [ERROR] LogOutputStream:75 - [STDERR_REDIRECT] 
2026-08-12 11:42:07,500 [ERROR] LogOutputStream:75 - [STDERR_REDIRECT] [Fatal Error] :1:1: Premature end of file.
2026-08-12 11:42:07,501 [ERROR] LogOutputStream:75 - [STDERR_REDIRECT] 
2026-08-12 11:42:08,455 [ERROR] LogOutputStream:75 - [STDERR_REDIRECT] [Fatal Error] :1:1: Premature end of file.
2026-08-12 11:42:08,455 [ERROR] LogOutputStream:75 - [STDERR_REDIRECT] 
2026-08-12 11:42:09,475 [ERROR] LogOutputStream:75 - [STDERR_REDIRECT] [Fatal Error] :1:1: Premature end of file.
2026-08-12 11:42:09,476 [ERROR] LogOutputStream:75 - [STDERR_REDIRECT] 
2026-08-12 11:42:10,503 [ERROR] LogOutputStream:75 - [STDERR_REDIRECT] [Fatal Error] :1:1: Premature end of file.
2026-08-12 11:42:10,505 [ERROR] LogOutputStream:75 - [STDERR_REDIRECT] 
2026-08-12 11:42:11,422 [ERROR] LogOutputStream:75 - [STDERR_REDIRECT] [Fatal Error] :1:1: Premature end of file.
2026-08-12 11:42:11,424 [ERROR] LogOutputStream:75 - [STDERR_REDIRECT] 
2026-08-12 11:42:12,489 [ERROR] LogOutputStream:75 - [STDERR_REDIRECT] [Fatal Error] :1:1: Premature end of file.
2026-08-12 11:42:12,490 [ERROR] LogOutputStream:75 - [STDERR_REDIRECT] 
2026-08-12 11:42:13,520 [ERROR] LogOutputStream:75 - [STDERR_REDIRECT] [Fatal Error] :1:1: Premature end of file.
2026-08-12 11:42:13,520 [ERROR] LogOutputStream:75 - [STDERR_REDIRECT] 
2026-08-12 11:42:14,371 [ERROR] LogOutputStream:75 - [STDERR_REDIRECT] [Fatal Error] :1:1: Premature end of file.
2026-08-12 11:42:14,372 [ERROR] LogOutputStream:75 - [STDERR_REDIRECT] 
2026-08-12 11:42:15,486 [ERROR] LogOutputStream:75 - [STDERR_REDIRECT] [Fatal Error] :1:1: Premature end of file.
2026-08-12 11:42:15,486 [ERROR] LogOutputStream:75 - [STDERR_REDIRECT] 
2026-08-12 11:42:16,443 [ERROR] LogOutputStream:75 - [STDERR_REDIRECT] [Fatal Error] :1:1: Premature end of file.
2026-08-12 11:42:16,444 [ERROR] LogOutputStream:75 - [STDERR_REDIRECT] 
2026-08-12 11:42:17,447 [ERROR] LogOutputStream:75 - [STDERR_REDIRECT] [Fatal Error] :1:1: Premature end of file.
2026-08-12 11:42:17,447 [ERROR] LogOutputStream:75 - [STDERR_REDIRECT] 
2026-08-12 11:42:18,359 [ERROR] LogOutputStream:75 - [STDERR_REDIRECT] [Fatal Error] :1:1: Premature end of file.
2026-08-12 11:42:18,360 [ERROR] LogOutputStream:75 - [STDERR_REDIRECT] 
2026-08-12 11:42:19,321 [ERROR] LogOutputStream:75 - [STDERR_REDIRECT] [Fatal Error] :1:1: Premature end of file.
2026-08-12 11:42:19,322 [ERROR] LogOutputStream:75 - [STDERR_REDIRECT] 
2026-08-12 11:42:20,395 [ERROR] LogOutputStream:75 - [STDERR_REDIRECT] [Fatal Error] :1:1: Premature end of file.
2026-08-12 11:42:20,395 [ERROR] LogOutputStream:75 - [STDERR_REDIRECT] 
2026-08-12 11:42:21,447 [ERROR] LogOutputStream:75 - [STDERR_REDIRECT] [Fatal Error] :1:1: Premature end of file.
2026-08-12 11:42:21,448 [ERROR] LogOutputStream:75 - [STDERR_REDIRECT] 
2026-08-12 11:42:22,483 [ERROR] LogOutputStream:75 - [STDERR_REDIRECT] [Fatal Error] :1:1: Premature end of file.
2026-08-12 11:42:22,484 [ERROR] LogOutputStream:75 - [STDERR_REDIRECT] 
2026-08-12 11:42:23,362 [ERROR] LogOutputStream:75 - [STDERR_REDIRECT] [Fatal Error] :1:1: Premature end of file.
2026-08-12 11:42:23,363 [ERROR] LogOutputStream:75 - [STDERR_REDIRECT] 
2026-08-12 11:42:24,355 [ERROR] LogOutputStream:75 - [STDERR_REDIRECT] [Fatal Error] :1:1: Premature end of file.
2026-08-12 11:42:24,355 [ERROR] LogOutputStream:75 - [STDERR_REDIRECT] 
2026-08-12 11:42:25,330 [ERROR] LogOutputStream:75 - [STDERR_REDIRECT] [Fatal Error] :1:1: Premature end of file.
2026-08-12 11:42:25,330 [ERROR] LogOutputStream:75 - [STDERR_REDIRECT] 
2026-08-12 11:42:26,413 [ERROR] LogOutputStream:75 - [STDERR_REDIRECT] [Fatal Error] :1:1: Premature end of file.
2026-08-12 11:42:26,414 [ERROR] LogOutputStream:75 - [STDERR_REDIRECT] 
2026-08-12 11:42:27,417 [ERROR] LogOutputStream:75 - [STDERR_REDIRECT] [Fatal Error] :1:1: Premature end of file.
2026-08-12 11:42:27,419 [ERROR] LogOutputStream:75 - [STDERR_REDIRECT] 
2026-08-12 11:42:28,378 [ERROR] LogOutputStream:75 - [STDERR_REDIRECT] [Fatal Error] :1:1: Premature end of file.
2026-08-12 11:42:28,378 [ERROR] LogOutputStream:75 - [STDERR_REDIRECT] 
2026-08-12 11:42:29,490 [ERROR] LogOutputStream:75 - [STDERR_REDIRECT] [Fatal Error] :1:1: Premature end of file.
2026-08-12 11:42:29,490 [ERROR] LogOutputStream:75 - [STDERR_REDIRECT] 
2026-08-12 11:42:30,488 [ERROR] LogOutputStream:75 - [STDERR_REDIRECT] [Fatal Error] :1:1: Premature end of file.
2026-08-12 11:42:30,488 [ERROR] LogOutputStream:75 - [STDERR_REDIRECT] 
2026-08-12 11:42:31,455 [ERROR] LogOutputStream:75 - [STDERR_REDIRECT] [Fatal Error] :1:1: Premature end of file.
2026-08-12 11:42:31,456 [ERROR] LogOutputStream:75 - [STDERR_REDIRECT] 
2026-08-12 11:42:32,506 [ERROR] LogOutputStream:75 - [STDERR_REDIRECT] [Fatal Error] :1:1: Premature end of file.
2026-08-12 11:42:32,506 [ERROR] LogOutputStream:75 - [STDERR_REDIRECT] 
2026-08-12 11:42:33,492 [ERROR] LogOutputStream:75 - [STDERR_REDIRECT] [Fatal Error] :1:1: Premature end of file.
2026-08-12 11:42:33,492 [ERROR] LogOutputStream:75 - [STDERR_REDIRECT] 
2026-08-12 11:42:34,492 [ERROR] LogOutputStream:75 - [STDERR_REDIRECT] [Fatal Error] :1:1: Premature end of file.
2026-08-12 11:42:34,492 [ERROR] LogOutputStream:75 - [STDERR_REDIRECT] 
2026-08-12 11:42:35,489 [ERROR] LogOutputStream:75 - [STDERR_REDIRECT] [Fatal Error] :1:1: Premature end of file.
2026-08-12 11:42:35,489 [ERROR] LogOutputStream:75 - [STDERR_REDIRECT] 
2026-08-12 11:42:36,492 [ERROR] LogOutputStream:75 - [STDERR_REDIRECT] [Fatal Error] :1:1: Premature end of file.
2026-08-12 11:42:36,496 [ERROR] LogOutputStream:75 - [STDERR_REDIRECT] 
2026-08-12 11:42:37,487 [ERROR] LogOutputStream:75 - [STDERR_REDIRECT] [Fatal Error] :1:1: Premature end of file.
2026-08-12 11:42:37,487 [ERROR] LogOutputStream:75 - [STDERR_REDIRECT] 
2026-08-12 11:42:38,457 [ERROR] LogOutputStream:75 - [STDERR_REDIRECT] [Fatal Error] :1:1: Premature end of file.
2026-08-12 11:42:38,457 [ERROR] LogOutputStream:75 - [STDERR_REDIRECT] 
2026-08-12 11:42:39,510 [ERROR] LogOutputStream:75 - [STDERR_REDIRECT] [Fatal Error] :1:1: Premature end of file.
2026-08-12 11:42:39,510 [ERROR] LogOutputStream:75 - [STDERR_REDIRECT] 
2026-08-12 11:42:40,520 [ERROR] LogOutputStream:75 - [STDERR_REDIRECT] [Fatal Error] :1:1: Premature end of file.
2026-08-12 11:42:40,522 [ERROR] LogOutputStream:75 - [STDERR_REDIRECT] 
2026-08-12 11:42:41,502 [ERROR] LogOutputStream:75 - [STDERR_REDIRECT] [Fatal Error] :1:1: Premature end of file.
2026-08-12 11:42:41,503 [ERROR] LogOutputStream:75 - [STDERR_REDIRECT] 
2026-08-12 11:42:42,454 [ERROR] LogOutputStream:75 - [STDERR_REDIRECT] [Fatal Error] :1:1: Premature end of file.
2026-08-12 11:42:42,454 [ERROR] LogOutputStream:75 - [STDERR_REDIRECT] 
2026-08-12 11:42:43,462 [ERROR] LogOutputStream:75 - [STDERR_REDIRECT] [Fatal Error] :1:1: Premature end of file.
2026-08-12 11:42:43,464 [ERROR] LogOutputStream:75 - [STDERR_REDIRECT] 
2026-08-12 11:42:44,488 [ERROR] LogOutputStream:75 - [STDERR_REDIRECT] [Fatal Error] :1:1: Premature end of file.
2026-08-12 11:42:44,489 [ERROR] LogOutputStream:75 - [STDERR_REDIRECT] 
2026-08-12 11:42:45,513 [ERROR] LogOutputStream:75 - [STDERR_REDIRECT] [Fatal Error] :1:1: Premature end of file.
2026-08-12 11:42:45,516 [ERROR] LogOutputStream:75 - [STDERR_REDIRECT] 
2026-08-12 11:42:46,503 [ERROR] LogOutputStream:75 - [STDERR_REDIRECT] [Fatal Error] :1:1: Premature end of file.
2026-08-12 11:42:46,503 [ERROR] LogOutputStream:75 - [STDERR_REDIRECT] 
2026-08-12 11:42:47,489 [ERROR] LogOutputStream:75 - [STDERR_REDIRECT] [Fatal Error] :1:1: Premature end of file.
2026-08-12 11:42:47,489 [ERROR] LogOutputStream:75 - [STDERR_REDIRECT] 
2026-08-12 11:42:48,465 [ERROR] LogOutputStream:75 - [STDERR_REDIRECT] [Fatal Error] :1:1: Premature end of file.
2026-08-12 11:42:48,465 [ERROR] LogOutputStream:75 - [STDERR_REDIRECT] 
2026-08-12 11:42:49,505 [ERROR] LogOutputStream:75 - [STDERR_REDIRECT] [Fatal Error] :1:1: Premature end of file.
2026-08-12 11:42:49,505 [ERROR] LogOutputStream:75 - [STDERR_REDIRECT] 
2026-08-12 11:42:50,496 [ERROR] LogOutputStream:75 - [STDERR_REDIRECT] [Fatal Error] :1:1: Premature end of file.
2026-08-12 11:42:50,498 [ERROR] LogOutputStream:75 - [STDERR_REDIRECT] 
2026-08-12 11:42:51,467 [ERROR] LogOutputStream:75 - [STDERR_REDIRECT] [Fatal Error] :1:1: Premature end of file.
2026-08-12 11:42:51,467 [ERROR] LogOutputStream:75 - [STDERR_REDIRECT] 
2026-08-12 11:42:52,485 [ERROR] LogOutputStream:75 - [STDERR_REDIRECT] [Fatal Error] :1:1: Premature end of file.
2026-08-12 11:42:52,485 [ERROR] LogOutputStream:75 - [STDERR_REDIRECT] 
2026-08-12 11:42:53,485 [ERROR] LogOutputStream:75 - [STDERR_REDIRECT] [Fatal Error] :1:1: Premature end of file.
2026-08-12 11:42:53,485 [ERROR] LogOutputStream:75 - [STDERR_REDIRECT] 
2026-08-12 11:42:54,504 [ERROR] LogOutputStream:75 - [STDERR_REDIRECT] [Fatal Error] :1:1: Premature end of file.
2026-08-12 11:42:54,504 [ERROR] LogOutputStream:75 - [STDERR_REDIRECT] 
2026-08-12 11:42:55,500 [ERROR] LogOutputStream:75 - [STDERR_REDIRECT] [Fatal Error] :1:1: Premature end of file.
2026-08-12 11:42:55,501 [ERROR] LogOutputStream:75 - [STDERR_REDIRECT] 
2026-08-12 11:42:56,487 [ERROR] LogOutputStream:75 - [STDERR_REDIRECT] [Fatal Error] :1:1: Premature end of file.
2026-08-12 11:42:56,487 [ERROR] LogOutputStream:75 - [STDERR_REDIRECT] 
2026-08-12 11:42:57,486 [ERROR] LogOutputStream:75 - [STDERR_REDIRECT] [Fatal Error] :1:1: Premature end of file.
2026-08-12 11:42:57,486 [ERROR] LogOutputStream:75 - [STDERR_REDIRECT] 
2026-08-12 11:42:58,497 [ERROR] LogOutputStream:75 - [STDERR_REDIRECT] [Fatal Error] :1:1: Premature end of file.
2026-08-12 11:42:58,502 [ERROR] LogOutputStream:75 - [STDERR_REDIRECT] 
2026-08-12 11:42:59,482 [ERROR] LogOutputStream:75 - [STDERR_REDIRECT] [Fatal Error] :1:1: Premature end of file.
2026-08-12 11:42:59,482 [ERROR] LogOutputStream:75 - [STDERR_REDIRECT] 
2026-08-12 11:43:00,484 [ERROR] LogOutputStream:75 - [STDERR_REDIRECT] [Fatal Error] :1:1: Premature end of file.
2026-08-12 11:43:00,484 [ERROR] LogOutputStream:75 - [STDERR_REDIRECT] 
2026-08-12 11:43:01,462 [ERROR] LogOutputStream:75 - [STDERR_REDIRECT] [Fatal Error] :1:1: Premature end of file.
2026-08-12 11:43:01,462 [ERROR] LogOutputStream:75 - [STDERR_REDIRECT] 
2026-08-12 11:43:02,418 [ERROR] LogOutputStream:75 - [STDERR_REDIRECT] [Fatal Error] :1:1: Premature end of file.
2026-08-12 11:43:02,420 [ERROR] LogOutputStream:75 - [STDERR_REDIRECT] 
2026-08-12 11:43:03,447 [ERROR] LogOutputStream:75 - [STDERR_REDIRECT] [Fatal Error] :1:1: Premature end of file.
2026-08-12 11:43:03,449 [ERROR] LogOutputStream:75 - [STDERR_REDIRECT] 
2026-08-12 11:43:04,356 [ERROR] LogOutputStream:75 - [STDERR_REDIRECT] [Fatal Error] :1:1: Premature end of file.
2026-08-12 11:43:04,356 [ERROR] LogOutputStream:75 - [STDERR_REDIRECT] 
2026-08-12 11:43:05,381 [ERROR] LogOutputStream:75 - [STDERR_REDIRECT] [Fatal Error] :1:1: Premature end of file.
2026-08-12 11:43:05,381 [ERROR] LogOutputStream:75 - [STDERR_REDIRECT] 
2026-08-12 11:43:06,334 [ERROR] LogOutputStream:75 - [STDERR_REDIRECT] [Fatal Error] :1:1: Premature end of file.
2026-08-12 11:43:06,335 [ERROR] LogOutputStream:75 - [STDERR_REDIRECT] 
2026-08-12 11:43:07,403 [ERROR] LogOutputStream:75 - [STDERR_REDIRECT] [Fatal Error] :1:1: Premature end of file.
2026-08-12 11:43:07,403 [ERROR] LogOutputStream:75 - [STDERR_REDIRECT] 
2026-08-12 11:43:08,396 [ERROR] LogOutputStream:75 - [STDERR_REDIRECT] [Fatal Error] :1:1: Premature end of file.
2026-08-12 11:43:08,396 [ERROR] LogOutputStream:75 - [STDERR_REDIRECT] 
2026-08-12 11:43:09,500 [ERROR] LogOutputStream:75 - [STDERR_REDIRECT] [Fatal Error] :1:1: Premature end of file.
2026-08-12 11:43:09,500 [ERROR] LogOutputStream:75 - [STDERR_REDIRECT] 
2026-08-12 11:43:10,404 [ERROR] LogOutputStream:75 - [STDERR_REDIRECT] [Fatal Error] :1:1: Premature end of file.
2026-08-12 11:43:10,404 [ERROR] LogOutputStream:75 - [STDERR_REDIRECT] 
2026-08-12 11:43:11,463 [ERROR] LogOutputStream:75 - [STDERR_REDIRECT] [Fatal Error] :1:1: Premature end of file.
2026-08-12 11:43:11,463 [ERROR] LogOutputStream:75 - [STDERR_REDIRECT] 
2026-08-12 11:43:12,353 [ERROR] LogOutputStream:75 - [STDERR_REDIRECT] [Fatal Error] :1:1: Premature end of file.
2026-08-12 11:43:12,355 [ERROR] LogOutputStream:75 - [STDERR_REDIRECT] 
2026-08-12 11:43:13,354 [ERROR] LogOutputStream:75 - [STDERR_REDIRECT] [Fatal Error] :1:1: Premature end of file.
2026-08-12 11:43:13,354 [ERROR] LogOutputStream:75 - [STDERR_REDIRECT] 
2026-08-12 11:43:14,455 [ERROR] LogOutputStream:75 - [STDERR_REDIRECT] [Fatal Error] :1:1: Premature end of file.
2026-08-12 11:43:14,455 [ERROR] LogOutputStream:75 - [STDERR_REDIRECT] 
2026-08-12 11:43:15,462 [ERROR] LogOutputStream:75 - [STDERR_REDIRECT] [Fatal Error] :1:1: Premature end of file.
2026-08-12 11:43:15,462 [ERROR] LogOutputStream:75 - [STDERR_REDIRECT] 
2026-08-12 11:43:16,451 [ERROR] LogOutputStream:75 - [STDERR_REDIRECT] [Fatal Error] :1:1: Premature end of file.
2026-08-12 11:43:16,454 [ERROR] LogOutputStream:75 - [STDERR_REDIRECT] 
2026-08-12 11:43:17,482 [ERROR] LogOutputStream:75 - [STDERR_REDIRECT] [Fatal Error] :1:1: Premature end of file.
2026-08-12 11:43:17,482 [ERROR] LogOutputStream:75 - [STDERR_REDIRECT] 
2026-08-12 11:43:18,482 [ERROR] LogOutputStream:75 - [STDERR_REDIRECT] [Fatal Error] :1:1: Premature end of file.
2026-08-12 11:43:18,483 [ERROR] LogOutputStream:75 - [STDERR_REDIRECT] 
2026-08-12 11:43:19,497 [ERROR] LogOutputStream:75 - [STDERR_REDIRECT] [Fatal Error] :1:1: Premature end of file.
2026-08-12 11:43:19,497 [ERROR] LogOutputStream:75 - [STDERR_REDIRECT] 
2026-08-12 11:43:20,417 [ERROR] LogOutputStream:75 - [STDERR_REDIRECT] [Fatal Error] :1:1: Premature end of file.
2026-08-12 11:43:20,417 [ERROR] LogOutputStream:75 - [STDERR_REDIRECT] 
2026-08-12 11:43:21,496 [ERROR] LogOutputStream:75 - [STDERR_REDIRECT] [Fatal Error] :1:1: Premature end of file.
2026-08-12 11:43:21,498 [ERROR] LogOutputStream:75 - [STDERR_REDIRECT] 
2026-08-12 11:43:22,500 [ERROR] LogOutputStream:75 - [STDERR_REDIRECT] [Fatal Error] :1:1: Premature end of file.
2026-08-12 11:43:22,500 [ERROR] LogOutputStream:75 - [STDERR_REDIRECT] 
2026-08-12 11:43:23,486 [ERROR] LogOutputStream:75 - [STDERR_REDIRECT] [Fatal Error] :1:1: Premature end of file.
2026-08-12 11:43:23,486 [ERROR] LogOutputStream:75 - [STDERR_REDIRECT] 
2026-08-12 11:43:24,499 [ERROR] LogOutputStream:75 - [STDERR_REDIRECT] [Fatal Error] :1:1: Premature end of file.
2026-08-12 11:43:24,499 [ERROR] LogOutputStream:75 - [STDERR_REDIRECT] 
2026-08-12 11:43:25,417 [ERROR] LogOutputStream:75 - [STDERR_REDIRECT] [Fatal Error] :1:1: Premature end of file.
2026-08-12 11:43:25,417 [ERROR] LogOutputStream:75 - [STDERR_REDIRECT] 
2026-08-12 11:43:26,381 [ERROR] LogOutputStream:75 - [STDERR_REDIRECT] [Fatal Error] :1:1: Premature end of file.
2026-08-12 11:43:26,381 [ERROR] LogOutputStream:75 - [STDERR_REDIRECT] 
2026-08-12 11:43:27,492 [ERROR] LogOutputStream:75 - [STDERR_REDIRECT] [Fatal Error] :1:1: Premature end of file.
2026-08-12 11:43:27,496 [ERROR] LogOutputStream:75 - [STDERR_REDIRECT] 
2026-08-12 11:43:28,491 [ERROR] LogOutputStream:75 - [STDERR_REDIRECT] [Fatal Error] :1:1: Premature end of file.
2026-08-12 11:43:28,491 [ERROR] LogOutputStream:75 - [STDERR_REDIRECT] 
2026-08-12 11:43:29,492 [ERROR] LogOutputStream:75 - [STDERR_REDIRECT] [Fatal Error] :1:1: Premature end of file.
2026-08-12 11:43:29,494 [ERROR] LogOutputStream:75 - [STDERR_REDIRECT] 
2026-08-12 11:43:30,486 [ERROR] LogOutputStream:75 - [STDERR_REDIRECT] [Fatal Error] :1:1: Premature end of file.
2026-08-12 11:43:30,488 [ERROR] LogOutputStream:75 - [STDERR_REDIRECT] 
2026-08-12 11:43:31,512 [ERROR] LogOutputStream:75 - [STDERR_REDIRECT] [Fatal Error] :1:1: Premature end of file.
2026-08-12 11:43:31,513 [ERROR] LogOutputStream:75 - [STDERR_REDIRECT] 
2026-08-12 11:43:32,496 [ERROR] LogOutputStream:75 - [STDERR_REDIRECT] [Fatal Error] :1:1: Premature end of file.
2026-08-12 11:43:32,496 [ERROR] LogOutputStream:75 - [STDERR_REDIRECT] 
2026-08-12 11:43:33,496 [ERROR] LogOutputStream:75 - [STDERR_REDIRECT] [Fatal Error] :1:1: Premature end of file.
2026-08-12 11:43:33,501 [ERROR] LogOutputStream:75 - [STDERR_REDIRECT] 
2026-08-12 11:43:34,436 [ERROR] LogOutputStream:75 - [STDERR_REDIRECT] [Fatal Error] :1:1: Premature end of file.
2026-08-12 11:43:34,438 [ERROR] LogOutputStream:75 - [STDERR_REDIRECT] 
2026-08-12 11:43:35,498 [ERROR] LogOutputStream:75 - [STDERR_REDIRECT] [Fatal Error] :1:1: Premature end of file.
2026-08-12 11:43:35,498 [ERROR] LogOutputStream:75 - [STDERR_REDIRECT] 
2026-08-12 11:43:36,488 [ERROR] LogOutputStream:75 - [STDERR_REDIRECT] [Fatal Error] :1:1: Premature end of file.
2026-08-12 11:43:36,491 [ERROR] LogOutputStream:75 - [STDERR_REDIRECT] 
2026-08-12 11:43:37,509 [ERROR] LogOutputStream:75 - [STDERR_REDIRECT] [Fatal Error] :1:1: Premature end of file.
2026-08-12 11:43:37,510 [ERROR] LogOutputStream:75 - [STDERR_REDIRECT] 
2026-08-12 11:43:38,365 [ERROR] LogOutputStream:75 - [STDERR_REDIRECT] [Fatal Error] :1:1: Premature end of file.
2026-08-12 11:43:38,365 [ERROR] LogOutputStream:75 - [STDERR_REDIRECT] 
2026-08-12 11:43:39,417 [ERROR] LogOutputStream:75 - [STDERR_REDIRECT] [Fatal Error] :1:1: Premature end of file.
2026-08-12 11:43:39,417 [ERROR] LogOutputStream:75 - [STDERR_REDIRECT] 
2026-08-12 11:43:40,482 [ERROR] LogOutputStream:75 - [STDERR_REDIRECT] [Fatal Error] :1:1: Premature end of file.
2026-08-12 11:43:40,482 [ERROR] LogOutputStream:75 - [STDERR_REDIRECT] 
2026-08-12 11:43:41,409 [ERROR] LogOutputStream:75 - [STDERR_REDIRECT] [Fatal Error] :1:1: Premature end of file.
2026-08-12 11:43:41,412 [ERROR] LogOutputStream:75 - [STDERR_REDIRECT] 
2026-08-12 11:43:42,375 [ERROR] LogOutputStream:75 - [STDERR_REDIRECT] [Fatal Error] :1:1: Premature end of file.
2026-08-12 11:43:42,375 [ERROR] LogOutputStream:75 - [STDERR_REDIRECT] 
2026-08-12 11:43:43,369 [ERROR] LogOutputStream:75 - [STDERR_REDIRECT] [Fatal Error] :1:1: Premature end of file.
2026-08-12 11:43:43,371 [ERROR] LogOutputStream:75 - [STDERR_REDIRECT] 
2026-08-12 11:43:44,487 [ERROR] LogOutputStream:75 - [STDERR_REDIRECT] [Fatal Error] :1:1: Premature end of file.
2026-08-12 11:43:44,489 [ERROR] LogOutputStream:75 - [STDERR_REDIRECT] 
2026-08-12 11:43:45,405 [ERROR] LogOutputStream:75 - [STDERR_REDIRECT] [Fatal Error] :1:1: Premature end of file.
2026-08-12 11:43:45,406 [ERROR] LogOutputStream:75 - [STDERR_REDIRECT] 
2026-08-12 11:43:46,482 [ERROR] LogOutputStream:75 - [STDERR_REDIRECT] [Fatal Error] :1:1: Premature end of file.
2026-08-12 11:43:46,482 [ERROR] LogOutputStream:75 - [STDERR_REDIRECT] 
2026-08-12 11:43:47,492 [ERROR] LogOutputStream:75 - [STDERR_REDIRECT] [Fatal Error] :1:1: Premature end of file.
2026-08-12 11:43:47,492 [ERROR] LogOutputStream:75 - [STDERR_REDIRECT] 
2026-08-12 11:43:48,492 [ERROR] LogOutputStream:75 - [STDERR_REDIRECT] [Fatal Error] :1:1: Premature end of file.
2026-08-12 11:43:48,492 [ERROR] LogOutputStream:75 - [STDERR_REDIRECT] 
2026-08-12 11:43:49,491 [ERROR] LogOutputStream:75 - [STDERR_REDIRECT] [Fatal Error] :1:1: Premature end of file.
2026-08-12 11:43:49,491 [ERROR] LogOutputStream:75 - [STDERR_REDIRECT] 
2026-08-12 11:43:50,493 [ERROR] LogOutputStream:75 - [STDERR_REDIRECT] [Fatal Error] :1:1: Premature end of file.
2026-08-12 11:43:50,493 [ERROR] LogOutputStream:75 - [STDERR_REDIRECT] 
2026-08-12 11:43:51,435 [ERROR] LogOutputStream:75 - [STDERR_REDIRECT] [Fatal Error] :1:1: Premature end of file.
2026-08-12 11:43:51,435 [ERROR] LogOutputStream:75 - [STDERR_REDIRECT] 
2026-08-12 11:43:52,468 [ERROR] LogOutputStream:75 - [STDERR_REDIRECT] [Fatal Error] :1:1: Premature end of file.
2026-08-12 11:43:52,468 [ERROR] LogOutputStream:75 - [STDERR_REDIRECT] 
2026-08-12 11:43:53,484 [ERROR] LogOutputStream:75 - [STDERR_REDIRECT] [Fatal Error] :1:1: Premature end of file.
2026-08-12 11:43:53,486 [ERROR] LogOutputStream:75 - [STDERR_REDIRECT] 
2026-08-12 11:43:54,492 [ERROR] LogOutputStream:75 - [STDERR_REDIRECT] [Fatal Error] :1:1: Premature end of file.
2026-08-12 11:43:54,492 [ERROR] LogOutputStream:75 - [STDERR_REDIRECT] 
2026-08-12 11:43:55,430 [ERROR] LogOutputStream:75 - [STDERR_REDIRECT] [Fatal Error] :1:1: Premature end of file.
2026-08-12 11:43:55,430 [ERROR] LogOutputStream:75 - [STDERR_REDIRECT] 
2026-08-12 11:43:56,493 [ERROR] LogOutputStream:75 - [STDERR_REDIRECT] [Fatal Error] :1:1: Premature end of file.
2026-08-12 11:43:56,494 [ERROR] LogOutputStream:75 - [STDERR_REDIRECT] 
2026-08-12 11:43:57,378 [ERROR] LogOutputStream:75 - [STDERR_REDIRECT] [Fatal Error] :1:1: Premature end of file.
2026-08-12 11:43:57,378 [ERROR] LogOutputStream:75 - [STDERR_REDIRECT] 
2026-08-12 11:43:58,493 [ERROR] LogOutputStream:75 - [STDERR_REDIRECT] [Fatal Error] :1:1: Premature end of file.
2026-08-12 11:43:58,494 [ERROR] LogOutputStream:75 - [STDERR_REDIRECT] 
2026-08-12 11:43:59,493 [ERROR] LogOutputStream:75 - [STDERR_REDIRECT] [Fatal Error] :1:1: Premature end of file.
2026-08-12 11:43:59,493 [ERROR] LogOutputStream:75 - [STDERR_REDIRECT] 
2026-08-12 11:44:00,493 [ERROR] LogOutputStream:75 - [STDERR_REDIRECT] [Fatal Error] :1:1: Premature end of file.
2026-08-12 11:44:00,493 [ERROR] LogOutputStream:75 - [STDERR_REDIRECT] 
2026-08-12 11:44:01,492 [ERROR] LogOutputStream:75 - [STDERR_REDIRECT] [Fatal Error] :1:1: Premature end of file.
2026-08-12 11:44:01,492 [ERROR] LogOutputStream:75 - [STDERR_REDIRECT] 
2026-08-12 11:44:02,491 [ERROR] LogOutputStream:75 - [STDERR_REDIRECT] [Fatal Error] :1:1: Premature end of file.
2026-08-12 11:44:02,491 [ERROR] LogOutputStream:75 - [STDERR_REDIRECT] 
2026-08-12 11:44:03,498 [ERROR] LogOutputStream:75 - [STDERR_REDIRECT] [Fatal Error] :1:1: Premature end of file.
2026-08-12 11:44:03,504 [ERROR] LogOutputStream:75 - [STDERR_REDIRECT] 
2026-08-12 11:44:04,442 [ERROR] LogOutputStream:75 - [STDERR_REDIRECT] [Fatal Error] :1:1: Premature end of file.
2026-08-12 11:44:04,442 [ERROR] LogOutputStream:75 - [STDERR_REDIRECT] 
2026-08-12 11:44:05,479 [ERROR] LogOutputStream:75 - [STDERR_REDIRECT] [Fatal Error] :1:1: Premature end of file.
2026-08-12 11:44:05,479 [ERROR] LogOutputStream:75 - [STDERR_REDIRECT] 
2026-08-12 11:44:06,489 [ERROR] LogOutputStream:75 - [STDERR_REDIRECT] [Fatal Error] :1:1: Premature end of file.
2026-08-12 11:44:06,492 [ERROR] LogOutputStream:75 - [STDERR_REDIRECT] 
2026-08-12 11:44:07,370 [ERROR] LogOutputStream:75 - [STDERR_REDIRECT] [Fatal Error] :1:1: Premature end of file.
2026-08-12 11:44:07,371 [ERROR] LogOutputStream:75 - [STDERR_REDIRECT] 
2026-08-12 11:44:08,452 [ERROR] LogOutputStream:75 - [STDERR_REDIRECT] [Fatal Error] :1:1: Premature end of file.
2026-08-12 11:44:08,452 [ERROR] LogOutputStream:75 - [STDERR_REDIRECT] 
2026-08-12 11:44:09,490 [ERROR] LogOutputStream:75 - [STDERR_REDIRECT] [Fatal Error] :1:1: Premature end of file.
2026-08-12 11:44:09,492 [ERROR] LogOutputStream:75 - [STDERR_REDIRECT] 
2026-08-12 11:44:10,444 [ERROR] LogOutputStream:75 - [STDERR_REDIRECT] [Fatal Error] :1:1: Premature end of file.
2026-08-12 11:44:10,447 [ERROR] LogOutputStream:75 - [STDERR_REDIRECT] 
2026-08-12 11:44:11,491 [ERROR] LogOutputStream:75 - [STDERR_REDIRECT] [Fatal Error] :1:1: Premature end of file.
2026-08-12 11:44:11,491 [ERROR] LogOutputStream:75 - [STDERR_REDIRECT] 
2026-08-12 11:44:12,400 [ERROR] LogOutputStream:75 - [STDERR_REDIRECT] [Fatal Error] :1:1: Premature end of file.
2026-08-12 11:44:12,401 [ERROR] LogOutputStream:75 - [STDERR_REDIRECT] 
2026-08-12 11:44:13,495 [ERROR] LogOutputStream:75 - [STDERR_REDIRECT] [Fatal Error] :1:1: Premature end of file.
2026-08-12 11:44:13,497 [ERROR] LogOutputStream:75 - [STDERR_REDIRECT] 
2026-08-12 11:44:14,387 [ERROR] LogOutputStream:75 - [STDERR_REDIRECT] [Fatal Error] :1:1: Premature end of file.
2026-08-12 11:44:14,387 [ERROR] LogOutputStream:75 - [STDERR_REDIRECT] 
2026-08-12 11:44:15,354 [ERROR] LogOutputStream:75 - [STDERR_REDIRECT] [Fatal Error] :1:1: Premature end of file.
2026-08-12 11:44:15,354 [ERROR] LogOutputStream:75 - [STDERR_REDIRECT] 
2026-08-12 11:44:16,495 [ERROR] LogOutputStream:75 - [STDERR_REDIRECT] [Fatal Error] :1:1: Premature end of file.
2026-08-12 11:44:16,495 [ERROR] LogOutputStream:75 - [STDERR_REDIRECT] 
2026-08-12 11:44:17,510 [ERROR] LogOutputStream:75 - [STDERR_REDIRECT] [Fatal Error] :1:1: Premature end of file.
2026-08-12 11:44:17,512 [ERROR] LogOutputStream:75 - [STDERR_REDIRECT] 
2026-08-12 11:44:18,348 [ERROR] LogOutputStream:75 - [STDERR_REDIRECT] [Fatal Error] :1:1: Premature end of file.
2026-08-12 11:44:18,349 [ERROR] LogOutputStream:75 - [STDERR_REDIRECT] 
2026-08-12 11:44:19,470 [ERROR] LogOutputStream:75 - [STDERR_REDIRECT] [Fatal Error] :1:1: Premature end of file.
2026-08-12 11:44:19,471 [ERROR] LogOutputStream:75 - [STDERR_REDIRECT] 
2026-08-12 11:44:20,494 [ERROR] LogOutputStream:75 - [STDERR_REDIRECT] [Fatal Error] :1:1: Premature end of file.
2026-08-12 11:44:20,494 [ERROR] LogOutputStream:75 - [STDERR_REDIRECT] 
2026-08-12 11:44:21,488 [ERROR] LogOutputStream:75 - [STDERR_REDIRECT] [Fatal Error] :1:1: Premature end of file.
2026-08-12 11:44:21,489 [ERROR] LogOutputStream:75 - [STDERR_REDIRECT] 
2026-08-12 11:44:22,468 [ERROR] LogOutputStream:75 - [STDERR_REDIRECT] [Fatal Error] :1:1: Premature end of file.
2026-08-12 11:44:22,469 [ERROR] LogOutputStream:75 - [STDERR_REDIRECT] 
2026-08-12 11:44:23,480 [ERROR] LogOutputStream:75 - [STDERR_REDIRECT] [Fatal Error] :1:1: Premature end of file.
2026-08-12 11:44:23,481 [ERROR] LogOutputStream:75 - [STDERR_REDIRECT] 
2026-08-12 11:44:24,487 [ERROR] LogOutputStream:75 - [STDERR_REDIRECT] [Fatal Error] :1:1: Premature end of file.
2026-08-12 11:44:24,488 [ERROR] LogOutputStream:75 - [STDERR_REDIRECT] 
2026-08-12 11:44:25,478 [ERROR] LogOutputStream:75 - [STDERR_REDIRECT] [Fatal Error] :1:1: Premature end of file.
2026-08-12 11:44:25,479 [ERROR] LogOutputStream:75 - [STDERR_REDIRECT] 
2026-08-12 11:44:26,480 [ERROR] LogOutputStream:75 - [STDERR_REDIRECT] [Fatal Error] :1:1: Premature end of file.
2026-08-12 11:44:26,480 [ERROR] LogOutputStream:75 - [STDERR_REDIRECT] 
2026-08-12 11:44:27,483 [ERROR] LogOutputStream:75 - [STDERR_REDIRECT] [Fatal Error] :1:1: Premature end of file.
2026-08-12 11:44:27,484 [ERROR] LogOutputStream:75 - [STDERR_REDIRECT] 
2026-08-12 11:44:28,451 [ERROR] LogOutputStream:75 - [STDERR_REDIRECT] [Fatal Error] :1:1: Premature end of file.
2026-08-12 11:44:28,453 [ERROR] LogOutputStream:75 - [STDERR_REDIRECT] 
2026-08-12 11:44:29,447 [ERROR] LogOutputStream:75 - [STDERR_REDIRECT] [Fatal Error] :1:1: Premature end of file.
2026-08-12 11:44:29,448 [ERROR] LogOutputStream:75 - [STDERR_REDIRECT] 
2026-08-12 11:44:30,419 [ERROR] LogOutputStream:75 - [STDERR_REDIRECT] [Fatal Error] :1:1: Premature end of file.
2026-08-12 11:44:30,420 [ERROR] LogOutputStream:75 - [STDERR_REDIRECT] 
2026-08-12 11:44:31,487 [ERROR] LogOutputStream:75 - [STDERR_REDIRECT] [Fatal Error] :1:1: Premature end of file.
2026-08-12 11:44:31,489 [ERROR] LogOutputStream:75 - [STDERR_REDIRECT] 
2026-08-12 11:44:32,367 [ERROR] LogOutputStream:75 - [STDERR_REDIRECT] [Fatal Error] :1:1: Premature end of file.
2026-08-12 11:44:32,367 [ERROR] LogOutputStream:75 - [STDERR_REDIRECT] 
2026-08-12 11:44:33,458 [ERROR] LogOutputStream:75 - [STDERR_REDIRECT] [Fatal Error] :1:1: Premature end of file.
2026-08-12 11:44:33,458 [ERROR] LogOutputStream:75 - [STDERR_REDIRECT] 
2026-08-12 11:44:34,498 [ERROR] LogOutputStream:75 - [STDERR_REDIRECT] [Fatal Error] :1:1: Premature end of file.
2026-08-12 11:44:34,499 [ERROR] LogOutputStream:75 - [STDERR_REDIRECT] 
2026-08-12 11:44:35,430 [ERROR] LogOutputStream:75 - [STDERR_REDIRECT] [Fatal Error] :1:1: Premature end of file.
2026-08-12 11:44:35,430 [ERROR] LogOutputStream:75 - [STDERR_REDIRECT] 
2026-08-12 11:44:36,486 [ERROR] LogOutputStream:75 - [STDERR_REDIRECT] [Fatal Error] :1:1: Premature end of file.
2026-08-12 11:44:36,486 [ERROR] LogOutputStream:75 - [STDERR_REDIRECT] 
2026-08-12 11:44:37,465 [ERROR] LogOutputStream:75 - [STDERR_REDIRECT] [Fatal Error] :1:1: Premature end of file.
2026-08-12 11:44:37,466 [ERROR] LogOutputStream:75 - [STDERR_REDIRECT] 
2026-08-12 11:44:38,396 [ERROR] LogOutputStream:75 - [STDERR_REDIRECT] [Fatal Error] :1:1: Premature end of file.
2026-08-12 11:44:38,397 [ERROR] LogOutputStream:75 - [STDERR_REDIRECT] 
2026-08-12 11:44:39,410 [ERROR] LogOutputStream:75 - [STDERR_REDIRECT] [Fatal Error] :1:1: Premature end of file.
2026-08-12 11:44:39,410 [ERROR] LogOutputStream:75 - [STDERR_REDIRECT] 
2026-08-12 11:44:40,361 [ERROR] LogOutputStream:75 - [STDERR_REDIRECT] [Fatal Error] :1:1: Premature end of file.
2026-08-12 11:44:40,362 [ERROR] LogOutputStream:75 - [STDERR_REDIRECT] 
2026-08-12 11:44:41,331 [ERROR] LogOutputStream:75 - [STDERR_REDIRECT] [Fatal Error] :1:1: Premature end of file.
2026-08-12 11:44:41,332 [ERROR] LogOutputStream:75 - [STDERR_REDIRECT] 
2026-08-12 11:44:42,330 [ERROR] LogOutputStream:75 - [STDERR_REDIRECT] [Fatal Error] :1:1: Premature end of file.
2026-08-12 11:44:42,331 [ERROR] LogOutputStream:75 - [STDERR_REDIRECT] 
2026-08-12 11:44:43,334 [ERROR] LogOutputStream:75 - [STDERR_REDIRECT] [Fatal Error] :1:1: Premature end of file.
2026-08-12 11:44:43,334 [ERROR] LogOutputStream:75 - [STDERR_REDIRECT] 
2026-08-12 11:44:44,341 [ERROR] LogOutputStream:75 - [STDERR_REDIRECT] [Fatal Error] :1:1: Premature end of file.
2026-08-12 11:44:44,341 [ERROR] LogOutputStream:75 - [STDERR_REDIRECT] 
2026-08-12 11:44:45,333 [ERROR] LogOutputStream:75 - [STDERR_REDIRECT] [Fatal Error] :1:1: Premature end of file.
2026-08-12 11:44:45,333 [ERROR] LogOutputStream:75 - [STDERR_REDIRECT] 
2026-08-12 11:44:46,491 [ERROR] LogOutputStream:75 - [STDERR_REDIRECT] [Fatal Error] :1:1: Premature end of file.
2026-08-12 11:44:46,492 [ERROR] LogOutputStream:75 - [STDERR_REDIRECT] 
2026-08-12 11:44:47,325 [ERROR] LogOutputStream:75 - [STDERR_REDIRECT] [Fatal Error] :1:1: Premature end of file.
2026-08-12 11:44:47,325 [ERROR] LogOutputStream:75 - [STDERR_REDIRECT] 
2026-08-12 11:44:48,508 [ERROR] LogOutputStream:75 - [STDERR_REDIRECT] [Fatal Error] :1:1: Premature end of file.
2026-08-12 11:44:48,510 [ERROR] LogOutputStream:75 - [STDERR_REDIRECT] 
2026-08-12 11:44:49,506 [ERROR] LogOutputStream:75 - [STDERR_REDIRECT] [Fatal Error] :1:1: Premature end of file.
2026-08-12 11:44:49,508 [ERROR] LogOutputStream:75 - [STDERR_REDIRECT] 
2026-08-12 11:44:50,408 [ERROR] LogOutputStream:75 - [STDERR_REDIRECT] [Fatal Error] :1:1: Premature end of file.
2026-08-12 11:44:50,408 [ERROR] LogOutputStream:75 - [STDERR_REDIRECT] 
2026-08-12 11:44:51,329 [ERROR] LogOutputStream:75 - [STDERR_REDIRECT] [Fatal Error] :1:1: Premature end of file.
2026-08-12 11:44:51,330 [ERROR] LogOutputStream:75 - [STDERR_REDIRECT] 
2026-08-12 11:44:52,354 [ERROR] LogOutputStream:75 - [STDERR_REDIRECT] [Fatal Error] :1:1: Premature end of file.
2026-08-12 11:44:52,355 [ERROR] LogOutputStream:75 - [STDERR_REDIRECT] 
2026-08-12 11:44:53,334 [ERROR] LogOutputStream:75 - [STDERR_REDIRECT] [Fatal Error] :1:1: Premature end of file.
2026-08-12 11:44:53,334 [ERROR] LogOutputStream:75 - [STDERR_REDIRECT] 
2026-08-12 11:44:54,438 [ERROR] LogOutputStream:75 - [STDERR_REDIRECT] [Fatal Error] :1:1: Premature end of file.
2026-08-12 11:44:54,439 [ERROR] LogOutputStream:75 - [STDERR_REDIRECT] 
2026-08-12 11:44:55,492 [ERROR] LogOutputStream:75 - [STDERR_REDIRECT] [Fatal Error] :1:1: Premature end of file.
2026-08-12 11:44:55,493 [ERROR] LogOutputStream:75 - [STDERR_REDIRECT] 
2026-08-12 11:44:56,448 [ERROR] LogOutputStream:75 - [STDERR_REDIRECT] [Fatal Error] :1:1: Premature end of file.
2026-08-12 11:44:56,448 [ERROR] LogOutputStream:75 - [STDERR_REDIRECT] 
2026-08-12 11:44:57,337 [ERROR] LogOutputStream:75 - [STDERR_REDIRECT] [Fatal Error] :1:1: Premature end of file.
2026-08-12 11:44:57,337 [ERROR] LogOutputStream:75 - [STDERR_REDIRECT] 
2026-08-12 11:44:58,473 [ERROR] LogOutputStream:75 - [STDERR_REDIRECT] [Fatal Error] :1:1: Premature end of file.
2026-08-12 11:44:58,473 [ERROR] LogOutputStream:75 - [STDERR_REDIRECT] 
2026-08-12 11:44:59,341 [ERROR] LogOutputStream:75 - [STDERR_REDIRECT] [Fatal Error] :1:1: Premature end of file.
2026-08-12 11:44:59,343 [ERROR] LogOutputStream:75 - [STDERR_REDIRECT] 
2026-08-12 11:45:00,326 [ERROR] LogOutputStream:75 - [STDERR_REDIRECT] [Fatal Error] :1:1: Premature end of file.
2026-08-12 11:45:00,327 [ERROR] LogOutputStream:75 - [STDERR_REDIRECT] 
2026-08-12 11:45:01,485 [ERROR] LogOutputStream:75 - [STDERR_REDIRECT] [Fatal Error] :1:1: Premature end of file.
2026-08-12 11:45:01,485 [ERROR] LogOutputStream:75 - [STDERR_REDIRECT] 
2026-08-12 11:45:02,474 [ERROR] LogOutputStream:75 - [STDERR_REDIRECT] [Fatal Error] :1:1: Premature end of file.
2026-08-12 11:45:02,475 [ERROR] LogOutputStream:75 - [STDERR_REDIRECT] 
2026-08-12 11:45:03,475 [ERROR] LogOutputStream:75 - [STDERR_REDIRECT] [Fatal Error] :1:1: Premature end of file.
2026-08-12 11:45:03,475 [ERROR] LogOutputStream:75 - [STDERR_REDIRECT] 
2026-08-12 11:45:04,484 [ERROR] LogOutputStream:75 - [STDERR_REDIRECT] [Fatal Error] :1:1: Premature end of file.
2026-08-12 11:45:04,485 [ERROR] LogOutputStream:75 - [STDERR_REDIRECT] 
2026-08-12 11:45:05,489 [ERROR] LogOutputStream:75 - [STDERR_REDIRECT] [Fatal Error] :1:1: Premature end of file.
2026-08-12 11:45:05,490 [ERROR] LogOutputStream:75 - [STDERR_REDIRECT] 
2026-08-12 11:45:06,363 [ERROR] LogOutputStream:75 - [STDERR_REDIRECT] [Fatal Error] :1:1: Premature end of file.
2026-08-12 11:45:06,363 [ERROR] LogOutputStream:75 - [STDERR_REDIRECT] 
2026-08-12 11:45:07,481 [ERROR] LogOutputStream:75 - [STDERR_REDIRECT] [Fatal Error] :1:1: Premature end of file.
2026-08-12 11:45:07,482 [ERROR] LogOutputStream:75 - [STDERR_REDIRECT] 
2026-08-12 11:45:08,483 [ERROR] LogOutputStream:75 - [STDERR_REDIRECT] [Fatal Error] :1:1: Premature end of file.
2026-08-12 11:45:08,484 [ERROR] LogOutputStream:75 - [STDERR_REDIRECT] 
2026-08-12 11:45:09,479 [ERROR] LogOutputStream:75 - [STDERR_REDIRECT] [Fatal Error] :1:1: Premature end of file.
2026-08-12 11:45:09,480 [ERROR] LogOutputStream:75 - [STDERR_REDIRECT] 
2026-08-12 11:45:10,490 [ERROR] LogOutputStream:75 - [STDERR_REDIRECT] [Fatal Error] :1:1: Premature end of file.
2026-08-12 11:45:10,490 [ERROR] LogOutputStream:75 - [STDERR_REDIRECT] 
2026-08-12 11:45:11,484 [ERROR] LogOutputStream:75 - [STDERR_REDIRECT] [Fatal Error] :1:1: Premature end of file.
2026-08-12 11:45:11,485 [ERROR] LogOutputStream:75 - [STDERR_REDIRECT] 
2026-08-12 11:45:12,484 [ERROR] LogOutputStream:75 - [STDERR_REDIRECT] [Fatal Error] :1:1: Premature end of file.
2026-08-12 11:45:12,485 [ERROR] LogOutputStream:75 - [STDERR_REDIRECT] 
2026-08-12 11:45:13,456 [ERROR] LogOutputStream:75 - [STDERR_REDIRECT] [Fatal Error] :1:1: Premature end of file.
2026-08-12 11:45:13,457 [ERROR] LogOutputStream:75 - [STDERR_REDIRECT] 
2026-08-12 11:45:14,347 [ERROR] LogOutputStream:75 - [STDERR_REDIRECT] [Fatal Error] :1:1: Premature end of file.
2026-08-12 11:45:14,347 [ERROR] LogOutputStream:75 - [STDERR_REDIRECT] 
2026-08-12 11:45:15,333 [ERROR] LogOutputStream:75 - [STDERR_REDIRECT] [Fatal Error] :1:1: Premature end of file.
2026-08-12 11:45:15,333 [ERROR] LogOutputStream:75 - [STDERR_REDIRECT] 
2026-08-12 11:45:16,335 [ERROR] LogOutputStream:75 - [STDERR_REDIRECT] [Fatal Error] :1:1: Premature end of file.
2026-08-12 11:45:16,335 [ERROR] LogOutputStream:75 - [STDERR_REDIRECT] 
2026-08-12 11:45:17,368 [ERROR] LogOutputStream:75 - [STDERR_REDIRECT] [Fatal Error] :1:1: Premature end of file.
2026-08-12 11:45:17,369 [ERROR] LogOutputStream:75 - [STDERR_REDIRECT] 
2026-08-12 11:45:18,359 [ERROR] LogOutputStream:75 - [STDERR_REDIRECT] [Fatal Error] :1:1: Premature end of file.
2026-08-12 11:45:18,359 [ERROR] LogOutputStream:75 - [STDERR_REDIRECT] 
2026-08-12 11:45:19,339 [ERROR] LogOutputStream:75 - [STDERR_REDIRECT] [Fatal Error] :1:1: Premature end of file.
2026-08-12 11:45:19,339 [ERROR] LogOutputStream:75 - [STDERR_REDIRECT] 
2026-08-12 11:45:20,329 [ERROR] LogOutputStream:75 - [STDERR_REDIRECT] [Fatal Error] :1:1: Premature end of file.
2026-08-12 11:45:20,329 [ERROR] LogOutputStream:75 - [STDERR_REDIRECT] 
2026-08-12 11:45:21,382 [ERROR] LogOutputStream:75 - [STDERR_REDIRECT] [Fatal Error] :1:1: Premature end of file.
2026-08-12 11:45:21,383 [ERROR] LogOutputStream:75 - [STDERR_REDIRECT] 
2026-08-12 11:45:22,348 [ERROR] LogOutputStream:75 - [STDERR_REDIRECT] [Fatal Error] :1:1: Premature end of file.
2026-08-12 11:45:22,348 [ERROR] LogOutputStream:75 - [STDERR_REDIRECT] 
2026-08-12 11:45:23,337 [ERROR] LogOutputStream:75 - [STDERR_REDIRECT] [Fatal Error] :1:1: Premature end of file.
2026-08-12 11:45:23,338 [ERROR] LogOutputStream:75 - [STDERR_REDIRECT] 
2026-08-12 11:45:24,328 [ERROR] LogOutputStream:75 - [STDERR_REDIRECT] [Fatal Error] :1:1: Premature end of file.
2026-08-12 11:45:24,328 [ERROR] LogOutputStream:75 - [STDERR_REDIRECT] 
2026-08-12 11:45:25,333 [ERROR] LogOutputStream:75 - [STDERR_REDIRECT] [Fatal Error] :1:1: Premature end of file.
2026-08-12 11:45:25,333 [ERROR] LogOutputStream:75 - [STDERR_REDIRECT] 
2026-08-12 11:45:26,369 [ERROR] LogOutputStream:75 - [STDERR_REDIRECT] [Fatal Error] :1:1: Premature end of file.
2026-08-12 11:45:26,370 [ERROR] LogOutputStream:75 - [STDERR_REDIRECT] 
2026-08-12 11:45:27,335 [ERROR] LogOutputStream:75 - [STDERR_REDIRECT] [Fatal Error] :1:1: Premature end of file.
2026-08-12 11:45:27,335 [ERROR] LogOutputStream:75 - [STDERR_REDIRECT] 
2026-08-12 11:45:28,379 [ERROR] LogOutputStream:75 - [STDERR_REDIRECT] [Fatal Error] :1:1: Premature end of file.
2026-08-12 11:45:28,379 [ERROR] LogOutputStream:75 - [STDERR_REDIRECT] 
2026-08-12 11:45:29,333 [ERROR] LogOutputStream:75 - [STDERR_REDIRECT] [Fatal Error] :1:1: Premature end of file.
2026-08-12 11:45:29,334 [ERROR] LogOutputStream:75 - [STDERR_REDIRECT] 
2026-08-12 11:45:30,335 [ERROR] LogOutputStream:75 - [STDERR_REDIRECT] [Fatal Error] :1:1: Premature end of file.
2026-08-12 11:45:30,335 [ERROR] LogOutputStream:75 - [STDERR_REDIRECT] 
2026-08-12 11:45:31,335 [ERROR] LogOutputStream:75 - [STDERR_REDIRECT] [Fatal Error] :1:1: Premature end of file.
2026-08-12 11:45:31,335 [ERROR] LogOutputStream:75 - [STDERR_REDIRECT] 
2026-08-12 11:45:32,358 [ERROR] LogOutputStream:75 - [STDERR_REDIRECT] [Fatal Error] :1:1: Premature end of file.
2026-08-12 11:45:32,358 [ERROR] LogOutputStream:75 - [STDERR_REDIRECT] 
2026-08-12 11:45:33,372 [ERROR] LogOutputStream:75 - [STDERR_REDIRECT] [Fatal Error] :1:1: Premature end of file.
2026-08-12 11:45:33,373 [ERROR] LogOutputStream:75 - [STDERR_REDIRECT] 
2026-08-12 11:45:34,334 [ERROR] LogOutputStream:75 - [STDERR_REDIRECT] [Fatal Error] :1:1: Premature end of file.
2026-08-12 11:45:34,334 [ERROR] LogOutputStream:75 - [STDERR_REDIRECT] 
2026-08-12 11:45:35,338 [ERROR] LogOutputStream:75 - [STDERR_REDIRECT] [Fatal Error] :1:1: Premature end of file.
2026-08-12 11:45:35,339 [ERROR] LogOutputStream:75 - [STDERR_REDIRECT] 
2026-08-12 11:45:36,335 [ERROR] LogOutputStream:75 - [STDERR_REDIRECT] [Fatal Error] :1:1: Premature end of file.
2026-08-12 11:45:36,335 [ERROR] LogOutputStream:75 - [STDERR_REDIRECT] 
2026-08-12 11:45:37,360 [ERROR] LogOutputStream:75 - [STDERR_REDIRECT] [Fatal Error] :1:1: Premature end of file.
2026-08-12 11:45:37,361 [ERROR] LogOutputStream:75 - [STDERR_REDIRECT] 
2026-08-12 11:45:38,339 [ERROR] LogOutputStream:75 - [STDERR_REDIRECT] [Fatal Error] :1:1: Premature end of file.
2026-08-12 11:45:38,339 [ERROR] LogOutputStream:75 - [STDERR_REDIRECT] 
2026-08-12 11:45:39,376 [ERROR] LogOutputStream:75 - [STDERR_REDIRECT] [Fatal Error] :1:1: Premature end of file.
2026-08-12 11:45:39,376 [ERROR] LogOutputStream:75 - [STDERR_REDIRECT] 
2026-08-12 11:45:40,341 [ERROR] LogOutputStream:75 - [STDERR_REDIRECT] [Fatal Error] :1:1: Premature end of file.
2026-08-12 11:45:40,341 [ERROR] LogOutputStream:75 - [STDERR_REDIRECT] 
2026-08-12 11:45:41,326 [ERROR] LogOutputStream:75 - [STDERR_REDIRECT] [Fatal Error] :1:1: Premature end of file.
2026-08-12 11:45:41,326 [ERROR] LogOutputStream:75 - [STDERR_REDIRECT] 
2026-08-12 11:45:42,371 [ERROR] LogOutputStream:75 - [STDERR_REDIRECT] [Fatal Error] :1:1: Premature end of file.
2026-08-12 11:45:42,371 [ERROR] LogOutputStream:75 - [STDERR_REDIRECT] 
2026-08-12 11:45:43,515 [ERROR] LogOutputStream:75 - [STDERR_REDIRECT] [Fatal Error] :1:1: Premature end of file.
2026-08-12 11:45:43,516 [ERROR] LogOutputStream:75 - [STDERR_REDIRECT] 
2026-08-12 11:45:44,418 [ERROR] LogOutputStream:75 - [STDERR_REDIRECT] [Fatal Error] :1:1: Premature end of file.
2026-08-12 11:45:44,418 [ERROR] LogOutputStream:75 - [STDERR_REDIRECT] 
2026-08-12 11:45:45,479 [ERROR] LogOutputStream:75 - [STDERR_REDIRECT] [Fatal Error] :1:1: Premature end of file.
2026-08-12 11:45:45,480 [ERROR] LogOutputStream:75 - [STDERR_REDIRECT] 
2026-08-12 11:45:46,485 [ERROR] LogOutputStream:75 - [STDERR_REDIRECT] [Fatal Error] :1:1: Premature end of file.
2026-08-12 11:45:46,486 [ERROR] LogOutputStream:75 - [STDERR_REDIRECT] 
2026-08-12 11:45:47,326 [ERROR] LogOutputStream:75 - [STDERR_REDIRECT] [Fatal Error] :1:1: Premature end of file.
2026-08-12 11:45:47,326 [ERROR] LogOutputStream:75 - [STDERR_REDIRECT] 
2026-08-12 11:45:48,325 [ERROR] LogOutputStream:75 - [STDERR_REDIRECT] [Fatal Error] :1:1: Premature end of file.
2026-08-12 11:45:48,327 [ERROR] LogOutputStream:75 - [STDERR_REDIRECT] 
2026-08-12 11:45:49,384 [ERROR] LogOutputStream:75 - [STDERR_REDIRECT] [Fatal Error] :1:1: Premature end of file.
2026-08-12 11:45:49,384 [ERROR] LogOutputStream:75 - [STDERR_REDIRECT] 
2026-08-12 11:45:50,459 [ERROR] LogOutputStream:75 - [STDERR_REDIRECT] [Fatal Error] :1:1: Premature end of file.
2026-08-12 11:45:50,460 [ERROR] LogOutputStream:75 - [STDERR_REDIRECT] 
2026-08-12 11:45:51,421 [ERROR] LogOutputStream:75 - [STDERR_REDIRECT] [Fatal Error] :1:1: Premature end of file.
2026-08-12 11:45:51,422 [ERROR] LogOutputStream:75 - [STDERR_REDIRECT] 
2026-08-12 11:45:52,492 [ERROR] LogOutputStream:75 - [STDERR_REDIRECT] [Fatal Error] :1:1: Premature end of file.
2026-08-12 11:45:52,493 [ERROR] LogOutputStream:75 - [STDERR_REDIRECT] 
2026-08-12 11:45:53,483 [ERROR] LogOutputStream:75 - [STDERR_REDIRECT] [Fatal Error] :1:1: Premature end of file.
2026-08-12 11:45:53,484 [ERROR] LogOutputStream:75 - [STDERR_REDIRECT] 
2026-08-12 11:45:54,322 [ERROR] LogOutputStream:75 - [STDERR_REDIRECT] [Fatal Error] :1:1: Premature end of file.
2026-08-12 11:45:54,322 [ERROR] LogOutputStream:75 - [STDERR_REDIRECT] 
2026-08-12 11:45:55,424 [ERROR] LogOutputStream:75 - [STDERR_REDIRECT] [Fatal Error] :1:1: Premature end of file.
2026-08-12 11:45:55,424 [ERROR] LogOutputStream:75 - [STDERR_REDIRECT] 
2026-08-12 11:45:56,485 [ERROR] LogOutputStream:75 - [STDERR_REDIRECT] [Fatal Error] :1:1: Premature end of file.
2026-08-12 11:45:56,486 [ERROR] LogOutputStream:75 - [STDERR_REDIRECT] 
2026-08-12 11:45:57,376 [ERROR] LogOutputStream:75 - [STDERR_REDIRECT] [Fatal Error] :1:1: Premature end of file.
2026-08-12 11:45:57,376 [ERROR] LogOutputStream:75 - [STDERR_REDIRECT] 
2026-08-12 11:45:58,326 [ERROR] LogOutputStream:75 - [STDERR_REDIRECT] [Fatal Error] :1:1: Premature end of file.
2026-08-12 11:45:58,326 [ERROR] LogOutputStream:75 - [STDERR_REDIRECT] 
2026-08-12 11:45:59,360 [ERROR] LogOutputStream:75 - [STDERR_REDIRECT] [Fatal Error] :1:1: Premature end of file.
2026-08-12 11:45:59,360 [ERROR] LogOutputStream:75 - [STDERR_REDIRECT] 
2026-08-12 11:46:00,331 [ERROR] LogOutputStream:75 - [STDERR_REDIRECT] [Fatal Error] :1:1: Premature end of file.
2026-08-12 11:46:00,332 [ERROR] LogOutputStream:75 - [STDERR_REDIRECT] 
2026-08-12 11:46:01,479 [ERROR] LogOutputStream:75 - [STDERR_REDIRECT] [Fatal Error] :1:1: Premature end of file.
2026-08-12 11:46:01,480 [ERROR] LogOutputStream:75 - [STDERR_REDIRECT] 
2026-08-12 11:46:02,322 [ERROR] LogOutputStream:75 - [STDERR_REDIRECT] [Fatal Error] :1:1: Premature end of file.
2026-08-12 11:46:02,322 [ERROR] LogOutputStream:75 - [STDERR_REDIRECT] 
2026-08-12 11:46:03,481 [ERROR] LogOutputStream:75 - [STDERR_REDIRECT] [Fatal Error] :1:1: Premature end of file.
2026-08-12 11:46:03,482 [ERROR] LogOutputStream:75 - [STDERR_REDIRECT] 
2026-08-12 11:46:04,432 [ERROR] LogOutputStream:75 - [STDERR_REDIRECT] [Fatal Error] :1:1: Premature end of file.
2026-08-12 11:46:04,432 [ERROR] LogOutputStream:75 - [STDERR_REDIRECT] 
2026-08-12 11:46:05,485 [ERROR] LogOutputStream:75 - [STDERR_REDIRECT] [Fatal Error] :1:1: Premature end of file.
2026-08-12 11:46:05,486 [ERROR] LogOutputStream:75 - [STDERR_REDIRECT] 
2026-08-12 11:46:06,482 [ERROR] LogOutputStream:75 - [STDERR_REDIRECT] [Fatal Error] :1:1: Premature end of file.
2026-08-12 11:46:06,484 [ERROR] LogOutputStream:75 - [STDERR_REDIRECT] 
2026-08-12 11:46:07,481 [ERROR] LogOutputStream:75 - [STDERR_REDIRECT] [Fatal Error] :1:1: Premature end of file.
2026-08-12 11:46:07,481 [ERROR] LogOutputStream:75 - [STDERR_REDIRECT] 
2026-08-12 11:46:08,487 [ERROR] LogOutputStream:75 - [STDERR_REDIRECT] [Fatal Error] :1:1: Premature end of file.
2026-08-12 11:46:08,488 [ERROR] LogOutputStream:75 - [STDERR_REDIRECT] 
2026-08-12 11:46:09,482 [ERROR] LogOutputStream:75 - [STDERR_REDIRECT] [Fatal Error] :1:1: Premature end of file.
2026-08-12 11:46:09,483 [ERROR] LogOutputStream:75 - [STDERR_REDIRECT] 
2026-08-12 11:46:10,478 [ERROR] LogOutputStream:75 - [STDERR_REDIRECT] [Fatal Error] :1:1: Premature end of file.
2026-08-12 11:46:10,479 [ERROR] LogOutputStream:75 - [STDERR_REDIRECT] 
2026-08-12 11:46:11,480 [ERROR] LogOutputStream:75 - [STDERR_REDIRECT] [Fatal Error] :1:1: Premature end of file.
2026-08-12 11:46:11,481 [ERROR] LogOutputStream:75 - [STDERR_REDIRECT] 
2026-08-12 11:46:12,428 [ERROR] LogOutputStream:75 - [STDERR_REDIRECT] [Fatal Error] :1:1: Premature end of file.
2026-08-12 11:46:12,428 [ERROR] LogOutputStream:75 - [STDERR_REDIRECT] 
2026-08-12 11:46:13,478 [ERROR] LogOutputStream:75 - [STDERR_REDIRECT] [Fatal Error] :1:1: Premature end of file.
2026-08-12 11:46:13,479 [ERROR] LogOutputStream:75 - [STDERR_REDIRECT] 
2026-08-12 11:46:14,411 [ERROR] LogOutputStream:75 - [STDERR_REDIRECT] [Fatal Error] :1:1: Premature end of file.
2026-08-12 11:46:14,411 [ERROR] LogOutputStream:75 - [STDERR_REDIRECT] 
2026-08-12 11:46:15,338 [ERROR] LogOutputStream:75 - [STDERR_REDIRECT] [Fatal Error] :1:1: Premature end of file.
2026-08-12 11:46:15,339 [ERROR] LogOutputStream:75 - [STDERR_REDIRECT] 
2026-08-12 11:46:16,445 [ERROR] LogOutputStream:75 - [STDERR_REDIRECT] [Fatal Error] :1:1: Premature end of file.
2026-08-12 11:46:16,446 [ERROR] LogOutputStream:75 - [STDERR_REDIRECT] 
2026-08-12 11:46:17,455 [ERROR] LogOutputStream:75 - [STDERR_REDIRECT] [Fatal Error] :1:1: Premature end of file.
2026-08-12 11:46:17,456 [ERROR] LogOutputStream:75 - [STDERR_REDIRECT] 
2026-08-12 11:46:18,463 [ERROR] LogOutputStream:75 - [STDERR_REDIRECT] [Fatal Error] :1:1: Premature end of file.
2026-08-12 11:46:18,464 [ERROR] LogOutputStream:75 - [STDERR_REDIRECT] 
2026-08-12 11:46:19,481 [ERROR] LogOutputStream:75 - [STDERR_REDIRECT] [Fatal Error] :1:1: Premature end of file.
2026-08-12 11:46:19,481 [ERROR] LogOutputStream:75 - [STDERR_REDIRECT] 
2026-08-12 11:46:20,477 [ERROR] LogOutputStream:75 - [STDERR_REDIRECT] [Fatal Error] :1:1: Premature end of file.
2026-08-12 11:46:20,478 [ERROR] LogOutputStream:75 - [STDERR_REDIRECT] 
2026-08-12 11:46:21,489 [ERROR] LogOutputStream:75 - [STDERR_REDIRECT] [Fatal Error] :1:1: Premature end of file.
2026-08-12 11:46:21,489 [ERROR] LogOutputStream:75 - [STDERR_REDIRECT] 
2026-08-12 11:46:22,329 [ERROR] LogOutputStream:75 - [STDERR_REDIRECT] [Fatal Error] :1:1: Premature end of file.
2026-08-12 11:46:22,329 [ERROR] LogOutputStream:75 - [STDERR_REDIRECT] 
2026-08-12 11:46:23,478 [ERROR] LogOutputStream:75 - [STDERR_REDIRECT] [Fatal Error] :1:1: Premature end of file.
2026-08-12 11:46:23,478 [ERROR] LogOutputStream:75 - [STDERR_REDIRECT] 
2026-08-12 11:46:24,453 [ERROR] LogOutputStream:75 - [STDERR_REDIRECT] [Fatal Error] :1:1: Premature end of file.
2026-08-12 11:46:24,453 [ERROR] LogOutputStream:75 - [STDERR_REDIRECT] 
2026-08-12 11:46:25,478 [ERROR] LogOutputStream:75 - [STDERR_REDIRECT] [Fatal Error] :1:1: Premature end of file.
2026-08-12 11:46:25,478 [ERROR] LogOutputStream:75 - [STDERR_REDIRECT] 
2026-08-12 11:46:26,462 [ERROR] LogOutputStream:75 - [STDERR_REDIRECT] [Fatal Error] :1:1: Premature end of file.
2026-08-12 11:46:26,462 [ERROR] LogOutputStream:75 - [STDERR_REDIRECT] 
2026-08-12 11:46:27,480 [ERROR] LogOutputStream:75 - [STDERR_REDIRECT] [Fatal Error] :1:1: Premature end of file.
2026-08-12 11:46:27,481 [ERROR] LogOutputStream:75 - [STDERR_REDIRECT] 
2026-08-12 11:46:28,494 [ERROR] LogOutputStream:75 - [STDERR_REDIRECT] [Fatal Error] :1:1: Premature end of file.
2026-08-12 11:46:28,494 [ERROR] LogOutputStream:75 - [STDERR_REDIRECT] 
2026-08-12 11:46:29,395 [ERROR] LogOutputStream:75 - [STDERR_REDIRECT] [Fatal Error] :1:1: Premature end of file.
2026-08-12 11:46:29,395 [ERROR] LogOutputStream:75 - [STDERR_REDIRECT] 
2026-08-12 11:46:30,479 [ERROR] LogOutputStream:75 - [STDERR_REDIRECT] [Fatal Error] :1:1: Premature end of file.
2026-08-12 11:46:30,479 [ERROR] LogOutputStream:75 - [STDERR_REDIRECT] 
2026-08-12 11:46:31,484 [ERROR] LogOutputStream:75 - [STDERR_REDIRECT] [Fatal Error] :1:1: Premature end of file.
2026-08-12 11:46:31,485 [ERROR] LogOutputStream:75 - [STDERR_REDIRECT] 
2026-08-12 11:46:32,498 [ERROR] LogOutputStream:75 - [STDERR_REDIRECT] [Fatal Error] :1:1: Premature end of file.
2026-08-12 11:46:32,498 [ERROR] LogOutputStream:75 - [STDERR_REDIRECT] 
2026-08-12 11:46:33,479 [ERROR] LogOutputStream:75 - [STDERR_REDIRECT] [Fatal Error] :1:1: Premature end of file.
2026-08-12 11:46:33,479 [ERROR] LogOutputStream:75 - [STDERR_REDIRECT] 
2026-08-12 11:46:34,482 [ERROR] LogOutputStream:75 - [STDERR_REDIRECT] [Fatal Error] :1:1: Premature end of file.
2026-08-12 11:46:34,484 [ERROR] LogOutputStream:75 - [STDERR_REDIRECT] 
2026-08-12 11:46:35,483 [ERROR] LogOutputStream:75 - [STDERR_REDIRECT] [Fatal Error] :1:1: Premature end of file.
2026-08-12 11:46:35,485 [ERROR] LogOutputStream:75 - [STDERR_REDIRECT] 
2026-08-12 11:46:36,481 [ERROR] LogOutputStream:75 - [STDERR_REDIRECT] [Fatal Error] :1:1: Premature end of file.
2026-08-12 11:46:36,482 [ERROR] LogOutputStream:75 - [STDERR_REDIRECT] 
2026-08-12 11:46:37,495 [ERROR] LogOutputStream:75 - [STDERR_REDIRECT] [Fatal Error] :1:1: Premature end of file.
2026-08-12 11:46:37,495 [ERROR] LogOutputStream:75 - [STDERR_REDIRECT] 
2026-08-12 11:46:38,479 [ERROR] LogOutputStream:75 - [STDERR_REDIRECT] [Fatal Error] :1:1: Premature end of file.
2026-08-12 11:46:38,480 [ERROR] LogOutputStream:75 - [STDERR_REDIRECT] 
2026-08-12 11:46:39,493 [ERROR] LogOutputStream:75 - [STDERR_REDIRECT] [Fatal Error] :1:1: Premature end of file.
2026-08-12 11:46:39,493 [ERROR] LogOutputStream:75 - [STDERR_REDIRECT] 
2026-08-12 11:46:40,377 [ERROR] LogOutputStream:75 - [STDERR_REDIRECT] [Fatal Error] :1:1: Premature end of file.
2026-08-12 11:46:40,378 [ERROR] LogOutputStream:75 - [STDERR_REDIRECT] 
2026-08-12 11:46:41,438 [ERROR] LogOutputStream:75 - [STDERR_REDIRECT] [Fatal Error] :1:1: Premature end of file.
2026-08-12 11:46:41,438 [ERROR] LogOutputStream:75 - [STDERR_REDIRECT] 
2026-08-12 11:46:42,485 [ERROR] LogOutputStream:75 - [STDERR_REDIRECT] [Fatal Error] :1:1: Premature end of file.
2026-08-12 11:46:42,486 [ERROR] LogOutputStream:75 - [STDERR_REDIRECT] 
2026-08-12 11:46:43,347 [ERROR] LogOutputStream:75 - [STDERR_REDIRECT] [Fatal Error] :1:1: Premature end of file.
2026-08-12 11:46:43,347 [ERROR] LogOutputStream:75 - [STDERR_REDIRECT] 
2026-08-12 11:46:44,487 [ERROR] LogOutputStream:75 - [STDERR_REDIRECT] [Fatal Error] :1:1: Premature end of file.
2026-08-12 11:46:44,488 [ERROR] LogOutputStream:75 - [STDERR_REDIRECT] 
2026-08-12 11:46:45,367 [ERROR] LogOutputStream:75 - [STDERR_REDIRECT] [Fatal Error] :1:1: Premature end of file.
2026-08-12 11:46:45,368 [ERROR] LogOutputStream:75 - [STDERR_REDIRECT] 
2026-08-12 11:46:46,349 [ERROR] LogOutputStream:75 - [STDERR_REDIRECT] [Fatal Error] :1:1: Premature end of file.
2026-08-12 11:46:46,349 [ERROR] LogOutputStream:75 - [STDERR_REDIRECT] 
2026-08-12 11:46:47,446 [ERROR] LogOutputStream:75 - [STDERR_REDIRECT] [Fatal Error] :1:1: Premature end of file.
2026-08-12 11:46:47,446 [ERROR] LogOutputStream:75 - [STDERR_REDIRECT] 
2026-08-12 11:46:48,437 [ERROR] LogOutputStream:75 - [STDERR_REDIRECT] [Fatal Error] :1:1: Premature end of file.
2026-08-12 11:46:48,437 [ERROR] LogOutputStream:75 - [STDERR_REDIRECT] 
2026-08-12 11:46:49,454 [ERROR] LogOutputStream:75 - [STDERR_REDIRECT] [Fatal Error] :1:1: Premature end of file.
2026-08-12 11:46:49,455 [ERROR] LogOutputStream:75 - [STDERR_REDIRECT] 
2026-08-12 11:46:50,493 [ERROR] LogOutputStream:75 - [STDERR_REDIRECT] [Fatal Error] :1:1: Premature end of file.
2026-08-12 11:46:50,494 [ERROR] LogOutputStream:75 - [STDERR_REDIRECT] 
2026-08-12 11:46:51,438 [ERROR] LogOutputStream:75 - [STDERR_REDIRECT] [Fatal Error] :1:1: Premature end of file.
2026-08-12 11:46:51,438 [ERROR] LogOutputStream:75 - [STDERR_REDIRECT] 
2026-08-12 11:46:52,339 [ERROR] LogOutputStream:75 - [STDERR_REDIRECT] [Fatal Error] :1:1: Premature end of file.
2026-08-12 11:46:52,339 [ERROR] LogOutputStream:75 - [STDERR_REDIRECT] 
2026-08-12 11:46:53,485 [ERROR] LogOutputStream:75 - [STDERR_REDIRECT] [Fatal Error] :1:1: Premature end of file.
2026-08-12 11:46:53,486 [ERROR] LogOutputStream:75 - [STDERR_REDIRECT] 
2026-08-12 11:46:54,490 [ERROR] LogOutputStream:75 - [STDERR_REDIRECT] [Fatal Error] :1:1: Premature end of file.
2026-08-12 11:46:54,491 [ERROR] LogOutputStream:75 - [STDERR_REDIRECT] 
2026-08-12 11:46:55,477 [ERROR] LogOutputStream:75 - [STDERR_REDIRECT] [Fatal Error] :1:1: Premature end of file.
2026-08-12 11:46:55,478 [ERROR] LogOutputStream:75 - [STDERR_REDIRECT] 
2026-08-12 11:46:56,485 [ERROR] LogOutputStream:75 - [STDERR_REDIRECT] [Fatal Error] :1:1: Premature end of file.
2026-08-12 11:46:56,486 [ERROR] LogOutputStream:75 - [STDERR_REDIRECT] 
2026-08-12 11:46:57,481 [ERROR] LogOutputStream:75 - [STDERR_REDIRECT] [Fatal Error] :1:1: Premature end of file.
2026-08-12 11:46:57,483 [ERROR] LogOutputStream:75 - [STDERR_REDIRECT] 
2026-08-12 11:46:58,484 [ERROR] LogOutputStream:75 - [STDERR_REDIRECT] [Fatal Error] :1:1: Premature end of file.
2026-08-12 11:46:58,485 [ERROR] LogOutputStream:75 - [STDERR_REDIRECT] 
2026-08-12 11:46:59,507 [ERROR] LogOutputStream:75 - [STDERR_REDIRECT] [Fatal Error] :1:1: Premature end of file.
2026-08-12 11:46:59,508 [ERROR] LogOutputStream:75 - [STDERR_REDIRECT] 
2026-08-12 11:47:00,416 [ERROR] LogOutputStream:75 - [STDERR_REDIRECT] [Fatal Error] :1:1: Premature end of file.
2026-08-12 11:47:00,417 [ERROR] LogOutputStream:75 - [STDERR_REDIRECT] 
2026-08-12 11:47:01,480 [ERROR] LogOutputStream:75 - [STDERR_REDIRECT] [Fatal Error] :1:1: Premature end of file.
2026-08-12 11:47:01,481 [ERROR] LogOutputStream:75 - [STDERR_REDIRECT] 
2026-08-12 11:47:02,350 [ERROR] LogOutputStream:75 - [STDERR_REDIRECT] [Fatal Error] :1:1: Premature end of file.
2026-08-12 11:47:02,350 [ERROR] LogOutputStream:75 - [STDERR_REDIRECT] 
2026-08-12 11:47:03,499 [ERROR] LogOutputStream:75 - [STDERR_REDIRECT] [Fatal Error] :1:1: Premature end of file.
2026-08-12 11:47:03,499 [ERROR] LogOutputStream:75 - [STDERR_REDIRECT] 
2026-08-12 11:47:04,493 [ERROR] LogOutputStream:75 - [STDERR_REDIRECT] [Fatal Error] :1:1: Premature end of file.
2026-08-12 11:47:04,494 [ERROR] LogOutputStream:75 - [STDERR_REDIRECT] 
2026-08-12 11:47:05,483 [ERROR] LogOutputStream:75 - [STDERR_REDIRECT] [Fatal Error] :1:1: Premature end of file.
2026-08-12 11:47:05,483 [ERROR] LogOutputStream:75 - [STDERR_REDIRECT] 
2026-08-12 11:47:06,501 [ERROR] LogOutputStream:75 - [STDERR_REDIRECT] [Fatal Error] :1:1: Premature end of file.
2026-08-12 11:47:06,501 [ERROR] LogOutputStream:75 - [STDERR_REDIRECT] 
2026-08-12 11:47:07,491 [ERROR] LogOutputStream:75 - [STDERR_REDIRECT] [Fatal Error] :1:1: Premature end of file.
2026-08-12 11:47:07,492 [ERROR] LogOutputStream:75 - [STDERR_REDIRECT] 
2026-08-12 11:47:08,431 [ERROR] LogOutputStream:75 - [STDERR_REDIRECT] [Fatal Error] :1:1: Premature end of file.
2026-08-12 11:47:08,431 [ERROR] LogOutputStream:75 - [STDERR_REDIRECT] 
2026-08-12 11:47:09,398 [ERROR] LogOutputStream:75 - [STDERR_REDIRECT] [Fatal Error] :1:1: Premature end of file.
2026-08-12 11:47:09,399 [ERROR] LogOutputStream:75 - [STDERR_REDIRECT] 
2026-08-12 11:47:10,366 [ERROR] LogOutputStream:75 - [STDERR_REDIRECT] [Fatal Error] :1:1: Premature end of file.
2026-08-12 11:47:10,367 [ERROR] LogOutputStream:75 - [STDERR_REDIRECT] 
2026-08-12 11:47:11,389 [ERROR] LogOutputStream:75 - [STDERR_REDIRECT] [Fatal Error] :1:1: Premature end of file.
2026-08-12 11:47:11,389 [ERROR] LogOutputStream:75 - [STDERR_REDIRECT] 
2026-08-12 11:47:12,489 [ERROR] LogOutputStream:75 - [STDERR_REDIRECT] [Fatal Error] :1:1: Premature end of file.
2026-08-12 11:47:12,491 [ERROR] LogOutputStream:75 - [STDERR_REDIRECT] 
2026-08-12 11:47:13,479 [ERROR] LogOutputStream:75 - [STDERR_REDIRECT] [Fatal Error] :1:1: Premature end of file.
2026-08-12 11:47:13,481 [ERROR] LogOutputStream:75 - [STDERR_REDIRECT] 
2026-08-12 11:47:14,493 [ERROR] LogOutputStream:75 - [STDERR_REDIRECT] [Fatal Error] :1:1: Premature end of file.
2026-08-12 11:47:14,494 [ERROR] LogOutputStream:75 - [STDERR_REDIRECT] 
2026-08-12 11:47:15,415 [ERROR] LogOutputStream:75 - [STDERR_REDIRECT] [Fatal Error] :1:1: Premature end of file.
2026-08-12 11:47:15,417 [ERROR] LogOutputStream:75 - [STDERR_REDIRECT] 
2026-08-12 11:47:16,434 [ERROR] LogOutputStream:75 - [STDERR_REDIRECT] [Fatal Error] :1:1: Premature end of file.
2026-08-12 11:47:16,435 [ERROR] LogOutputStream:75 - [STDERR_REDIRECT] 
2026-08-12 11:47:17,422 [ERROR] LogOutputStream:75 - [STDERR_REDIRECT] [Fatal Error] :1:1: Premature end of file.
2026-08-12 11:47:17,422 [ERROR] LogOutputStream:75 - [STDERR_REDIRECT] 
2026-08-12 11:47:18,491 [ERROR] LogOutputStream:75 - [STDERR_REDIRECT] [Fatal Error] :1:1: Premature end of file.
2026-08-12 11:47:18,492 [ERROR] LogOutputStream:75 - [STDERR_REDIRECT] 
2026-08-12 11:47:19,450 [ERROR] LogOutputStream:75 - [STDERR_REDIRECT] [Fatal Error] :1:1: Premature end of file.
2026-08-12 11:47:19,451 [ERROR] LogOutputStream:75 - [STDERR_REDIRECT] 
2026-08-12 11:47:20,334 [ERROR] LogOutputStream:75 - [STDERR_REDIRECT] [Fatal Error] :1:1: Premature end of file.
2026-08-12 11:47:20,335 [ERROR] LogOutputStream:75 - [STDERR_REDIRECT] 
2026-08-12 11:47:21,379 [ERROR] LogOutputStream:75 - [STDERR_REDIRECT] [Fatal Error] :1:1: Premature end of file.
2026-08-12 11:47:21,379 [ERROR] LogOutputStream:75 - [STDERR_REDIRECT] 
2026-08-12 11:47:22,476 [ERROR] LogOutputStream:75 - [STDERR_REDIRECT] [Fatal Error] :1:1: Premature end of file.
2026-08-12 11:47:22,477 [ERROR] LogOutputStream:75 - [STDERR_REDIRECT] 
2026-08-12 11:47:23,479 [ERROR] LogOutputStream:75 - [STDERR_REDIRECT] [Fatal Error] :1:1: Premature end of file.
2026-08-12 11:47:23,480 [ERROR] LogOutputStream:75 - [STDERR_REDIRECT] 
2026-08-12 11:47:24,481 [ERROR] LogOutputStream:75 - [STDERR_REDIRECT] [Fatal Error] :1:1: Premature end of file.
2026-08-12 11:47:24,482 [ERROR] LogOutputStream:75 - [STDERR_REDIRECT] 
2026-08-12 11:47:25,483 [ERROR] LogOutputStream:75 - [STDERR_REDIRECT] [Fatal Error] :1:1: Premature end of file.
2026-08-12 11:47:25,483 [ERROR] LogOutputStream:75 - [STDERR_REDIRECT] 
2026-08-12 11:47:26,482 [ERROR] LogOutputStream:75 - [STDERR_REDIRECT] [Fatal Error] :1:1: Premature end of file.
2026-08-12 11:47:26,483 [ERROR] LogOutputStream:75 - [STDERR_REDIRECT] 
2026-08-12 11:47:27,367 [ERROR] LogOutputStream:75 - [STDERR_REDIRECT] [Fatal Error] :1:1: Premature end of file.
2026-08-12 11:47:27,367 [ERROR] LogOutputStream:75 - [STDERR_REDIRECT] 
2026-08-12 11:47:28,360 [ERROR] LogOutputStream:75 - [STDERR_REDIRECT] [Fatal Error] :1:1: Premature end of file.
2026-08-12 11:47:28,361 [ERROR] LogOutputStream:75 - [STDERR_REDIRECT] 
2026-08-12 11:47:29,388 [ERROR] LogOutputStream:75 - [STDERR_REDIRECT] [Fatal Error] :1:1: Premature end of file.
2026-08-12 11:47:29,388 [ERROR] LogOutputStream:75 - [STDERR_REDIRECT] 
2026-08-12 11:47:30,419 [ERROR] LogOutputStream:75 - [STDERR_REDIRECT] [Fatal Error] :1:1: Premature end of file.
2026-08-12 11:47:30,419 [ERROR] LogOutputStream:75 - [STDERR_REDIRECT] 
2026-08-12 11:47:31,397 [ERROR] LogOutputStream:75 - [STDERR_REDIRECT] [Fatal Error] :1:1: Premature end of file.
2026-08-12 11:47:31,398 [ERROR] LogOutputStream:75 - [STDERR_REDIRECT] 
2026-08-12 11:47:32,369 [ERROR] LogOutputStream:75 - [STDERR_REDIRECT] [Fatal Error] :1:1: Premature end of file.
2026-08-12 11:47:32,369 [ERROR] LogOutputStream:75 - [STDERR_REDIRECT] 
2026-08-12 11:47:33,414 [ERROR] LogOutputStream:75 - [STDERR_REDIRECT] [Fatal Error] :1:1: Premature end of file.
2026-08-12 11:47:33,415 [ERROR] LogOutputStream:75 - [STDERR_REDIRECT] 
2026-08-12 11:47:34,458 [ERROR] LogOutputStream:75 - [STDERR_REDIRECT] [Fatal Error] :1:1: Premature end of file.
2026-08-12 11:47:34,459 [ERROR] LogOutputStream:75 - [STDERR_REDIRECT] 
2026-08-12 11:47:35,448 [ERROR] LogOutputStream:75 - [STDERR_REDIRECT] [Fatal Error] :1:1: Premature end of file.
2026-08-12 11:47:35,448 [ERROR] LogOutputStream:75 - [STDERR_REDIRECT] 
2026-08-12 11:47:36,491 [ERROR] LogOutputStream:75 - [STDERR_REDIRECT] [Fatal Error] :1:1: Premature end of file.
2026-08-12 11:47:36,492 [ERROR] LogOutputStream:75 - [STDERR_REDIRECT] 
2026-08-12 11:47:37,510 [ERROR] LogOutputStream:75 - [STDERR_REDIRECT] [Fatal Error] :1:1: Premature end of file.
2026-08-12 11:47:37,510 [ERROR] LogOutputStream:75 - [STDERR_REDIRECT] 
2026-08-12 11:47:38,494 [ERROR] LogOutputStream:75 - [STDERR_REDIRECT] [Fatal Error] :1:1: Premature end of file.
2026-08-12 11:47:38,495 [ERROR] LogOutputStream:75 - [STDERR_REDIRECT] 
2026-08-12 11:47:39,481 [ERROR] LogOutputStream:75 - [STDERR_REDIRECT] [Fatal Error] :1:1: Premature end of file.
2026-08-12 11:47:39,482 [ERROR] LogOutputStream:75 - [STDERR_REDIRECT] 
2026-08-12 11:47:40,412 [ERROR] LogOutputStream:75 - [STDERR_REDIRECT] [Fatal Error] :1:1: Premature end of file.
2026-08-12 11:47:40,413 [ERROR] LogOutputStream:75 - [STDERR_REDIRECT] 
2026-08-12 11:47:41,369 [ERROR] LogOutputStream:75 - [STDERR_REDIRECT] [Fatal Error] :1:1: Premature end of file.
2026-08-12 11:47:41,369 [ERROR] LogOutputStream:75 - [STDERR_REDIRECT] 
2026-08-12 11:47:42,336 [ERROR] LogOutputStream:75 - [STDERR_REDIRECT] [Fatal Error] :1:1: Premature end of file.
2026-08-12 11:47:42,336 [ERROR] LogOutputStream:75 - [STDERR_REDIRECT] 
2026-08-12 11:47:43,500 [ERROR] LogOutputStream:75 - [STDERR_REDIRECT] [Fatal Error] :1:1: Premature end of file.
2026-08-12 11:47:43,502 [ERROR] LogOutputStream:75 - [STDERR_REDIRECT] 
2026-08-12 11:47:44,370 [ERROR] LogOutputStream:75 - [STDERR_REDIRECT] [Fatal Error] :1:1: Premature end of file.
2026-08-12 11:47:44,370 [ERROR] LogOutputStream:75 - [STDERR_REDIRECT] 
2026-08-12 11:47:45,374 [ERROR] LogOutputStream:75 - [STDERR_REDIRECT] [Fatal Error] :1:1: Premature end of file.
2026-08-12 11:47:45,374 [ERROR] LogOutputStream:75 - [STDERR_REDIRECT] 
2026-08-12 11:47:46,475 [ERROR] LogOutputStream:75 - [STDERR_REDIRECT] [Fatal Error] :1:1: Premature end of file.
2026-08-12 11:47:46,475 [ERROR] LogOutputStream:75 - [STDERR_REDIRECT] 
2026-08-12 11:47:47,340 [ERROR] LogOutputStream:75 - [STDERR_REDIRECT] [Fatal Error] :1:1: Premature end of file.
2026-08-12 11:47:47,340 [ERROR] LogOutputStream:75 - [STDERR_REDIRECT] 
2026-08-12 11:47:48,348 [ERROR] LogOutputStream:75 - [STDERR_REDIRECT] [Fatal Error] :1:1: Premature end of file.
2026-08-12 11:47:48,348 [ERROR] LogOutputStream:75 - [STDERR_REDIRECT] 
2026-08-12 11:47:49,518 [ERROR] LogOutputStream:75 - [STDERR_REDIRECT] [Fatal Error] :1:1: Premature end of file.
2026-08-12 11:47:49,521 [ERROR] LogOutputStream:75 - [STDERR_REDIRECT] 
2026-08-12 11:47:50,412 [ERROR] LogOutputStream:75 - [STDERR_REDIRECT] [Fatal Error] :1:1: Premature end of file.
2026-08-12 11:47:50,412 [ERROR] LogOutputStream:75 - [STDERR_REDIRECT] 
2026-08-12 11:47:51,373 [ERROR] LogOutputStream:75 - [STDERR_REDIRECT] [Fatal Error] :1:1: Premature end of file.
2026-08-12 11:47:51,373 [ERROR] LogOutputStream:75 - [STDERR_REDIRECT] 
2026-08-12 11:47:52,490 [ERROR] LogOutputStream:75 - [STDERR_REDIRECT] [Fatal Error] :1:1: Premature end of file.
2026-08-12 11:47:52,491 [ERROR] LogOutputStream:75 - [STDERR_REDIRECT] 
2026-08-12 11:47:53,493 [ERROR] LogOutputStream:75 - [STDERR_REDIRECT] [Fatal Error] :1:1: Premature end of file.
2026-08-12 11:47:53,498 [ERROR] LogOutputStream:75 - [STDERR_REDIRECT] 
2026-08-12 11:47:54,350 [ERROR] LogOutputStream:75 - [STDERR_REDIRECT] [Fatal Error] :1:1: Premature end of file.
2026-08-12 11:47:54,350 [ERROR] LogOutputStream:75 - [STDERR_REDIRECT] 
2026-08-12 11:47:55,435 [ERROR] LogOutputStream:75 - [STDERR_REDIRECT] [Fatal Error] :1:1: Premature end of file.
2026-08-12 11:47:55,437 [ERROR] LogOutputStream:75 - [STDERR_REDIRECT] 
2026-08-12 11:47:56,362 [ERROR] LogOutputStream:75 - [STDERR_REDIRECT] [Fatal Error] :1:1: Premature end of file.
2026-08-12 11:47:56,362 [ERROR] LogOutputStream:75 - [STDERR_REDIRECT] 
2026-08-12 11:47:57,383 [ERROR] LogOutputStream:75 - [STDERR_REDIRECT] [Fatal Error] :1:1: Premature end of file.
2026-08-12 11:47:57,383 [ERROR] LogOutputStream:75 - [STDERR_REDIRECT] 
2026-08-12 11:47:58,463 [ERROR] LogOutputStream:75 - [STDERR_REDIRECT] [Fatal Error] :1:1: Premature end of file.
2026-08-12 11:47:58,463 [ERROR] LogOutputStream:75 - [STDERR_REDIRECT] 
2026-08-12 11:47:59,442 [ERROR] LogOutputStream:75 - [STDERR_REDIRECT] [Fatal Error] :1:1: Premature end of file.
2026-08-12 11:47:59,442 [ERROR] LogOutputStream:75 - [STDERR_REDIRECT] 
2026-08-12 11:48:00,363 [ERROR] LogOutputStream:75 - [STDERR_REDIRECT] [Fatal Error] :1:1: Premature end of file.
2026-08-12 11:48:00,363 [ERROR] LogOutputStream:75 - [STDERR_REDIRECT] 
2026-08-12 11:48:01,380 [ERROR] LogOutputStream:75 - [STDERR_REDIRECT] [Fatal Error] :1:1: Premature end of file.
2026-08-12 11:48:01,380 [ERROR] LogOutputStream:75 - [STDERR_REDIRECT] 
2026-08-12 11:48:02,477 [ERROR] LogOutputStream:75 - [STDERR_REDIRECT] [Fatal Error] :1:1: Premature end of file.
2026-08-12 11:48:02,480 [ERROR] LogOutputStream:75 - [STDERR_REDIRECT] 
2026-08-12 11:48:03,481 [ERROR] LogOutputStream:75 - [STDERR_REDIRECT] [Fatal Error] :1:1: Premature end of file.
2026-08-12 11:48:03,481 [ERROR] LogOutputStream:75 - [STDERR_REDIRECT] 
